Loan_ID,Gender,Married,Education,Self_Employed,ApplicantIncome,CoapplicantIncome,LoanAmount,Loan_Amount_Term,Credit_History,Loan_Status,TotalIncome,LoanAmount_to_Income_Ratio,EMI,Dependents_numeric,Income_per_Dependent,Property_Area_Rural,Property_Area_Semiurban,Property_Area_Urban,Dependents_0,Dependents_1,Dependents_2,Dependents_3+
LP001002,1,0,1,0,5849.0,0.0,128.0,360.0,1.0,1,5849.0,0.021884082749187895,0.35555555555555557,0,5849.0,False,False,True,True,False,False,False
LP001003,1,1,1,0,4583.0,1508.0,128.0,360.0,1.0,0,6091.0,0.0210146117222131,0.35555555555555557,1,3045.5,True,False,False,False,True,False,False
LP001005,1,1,1,1,3000.0,0.0,66.0,360.0,1.0,1,3000.0,0.022,0.18333333333333332,0,3000.0,False,False,True,True,False,False,False
LP001006,1,1,0,0,2583.0,2358.0,120.0,360.0,1.0,1,4941.0,0.024286581663630843,0.3333333333333333,0,4941.0,False,False,True,True,False,False,False
LP001008,1,0,1,0,6000.0,0.0,141.0,360.0,1.0,1,6000.0,0.0235,0.39166666666666666,0,6000.0,False,False,True,True,False,False,False
LP001011,1,1,1,1,5417.0,4196.0,262.5,360.0,1.0,1,9613.0,0.02730677207947571,0.7291666666666666,2,3204.3333333333335,False,False,True,False,False,True,False
LP001013,1,1,0,0,2333.0,1516.0,95.0,360.0,1.0,1,3849.0,0.024681735515718367,0.2638888888888889,0,3849.0,False,False,True,True,False,False,False
LP001014,1,1,1,0,3036.0,2504.0,158.0,360.0,0.0,0,5540.0,0.02851985559566787,0.4388888888888889,3,1385.0,False,True,False,False,False,False,True
LP001018,1,1,1,0,4006.0,1526.0,168.0,360.0,1.0,1,5532.0,0.03036876355748373,0.4666666666666667,2,1844.0,False,False,True,False,False,True,False
LP001020,1,1,1,0,10223.5,5755.0,262.5,360.0,1.0,0,15978.5,0.016428325562474574,0.7291666666666666,1,7989.25,False,True,False,False,True,False,False
LP001024,1,1,1,0,3200.0,700.0,70.0,360.0,1.0,1,3900.0,0.017948717948717947,0.19444444444444445,2,1300.0,False,False,True,False,False,True,False
LP001027,1,1,1,0,2500.0,1840.0,109.0,360.0,1.0,1,4340.0,0.02511520737327189,0.30277777777777776,2,1446.6666666666667,False,False,True,False,False,True,False
LP001028,1,1,1,0,3073.0,5755.0,200.0,360.0,1.0,1,8828.0,0.022655188038060717,0.5555555555555556,2,2942.6666666666665,False,False,True,False,False,True,False
LP001029,1,0,1,0,1853.0,2840.0,114.0,360.0,1.0,0,4693.0,0.024291497975708502,0.31666666666666665,0,4693.0,True,False,False,True,False,False,False
LP001030,1,1,1,0,1299.0,1086.0,17.0,120.0,1.0,1,2385.0,0.007127882599580713,0.14166666666666666,2,795.0,False,False,True,False,False,True,False
LP001032,1,0,1,0,4950.0,0.0,125.0,360.0,1.0,1,4950.0,0.025252525252525252,0.3472222222222222,0,4950.0,False,False,True,True,False,False,False
LP001034,1,0,0,0,3596.0,0.0,100.0,240.0,1.0,1,3596.0,0.027808676307007785,0.4166666666666667,1,1798.0,False,False,True,False,True,False,False
LP001036,0,0,1,0,3510.0,0.0,76.0,360.0,0.0,0,3510.0,0.021652421652421653,0.2111111111111111,0,3510.0,False,False,True,True,False,False,False
LP001038,1,1,0,0,4887.0,0.0,133.0,360.0,1.0,0,4887.0,0.027215060364231634,0.36944444444444446,0,4887.0,True,False,False,True,False,False,False
LP001043,1,1,0,0,7660.0,0.0,104.0,360.0,0.0,0,7660.0,0.013577023498694517,0.28888888888888886,0,7660.0,False,False,True,True,False,False,False
LP001046,1,1,1,0,5955.0,5625.0,262.5,360.0,1.0,1,11580.0,0.02266839378238342,0.7291666666666666,1,5790.0,False,False,True,False,True,False,False
LP001047,1,1,0,0,2600.0,1911.0,116.0,360.0,0.0,0,4511.0,0.025714919086677012,0.32222222222222224,0,4511.0,False,True,False,True,False,False,False
LP001052,1,1,1,0,3717.0,2925.0,151.0,360.0,1.0,0,6642.0,0.02273411623005119,0.41944444444444445,1,3321.0,False,True,False,False,True,False,False
LP001066,1,1,1,1,9560.0,0.0,191.0,360.0,1.0,1,9560.0,0.01997907949790795,0.5305555555555556,0,9560.0,False,True,False,True,False,False,False
LP001068,1,1,1,0,2799.0,2253.0,122.0,360.0,1.0,1,5052.0,0.02414885193982581,0.3388888888888889,0,5052.0,False,True,False,True,False,False,False
LP001073,1,1,0,0,4226.0,1040.0,110.0,360.0,1.0,1,5266.0,0.020888720091150777,0.3055555555555556,2,1755.3333333333333,False,False,True,False,False,True,False
LP001086,1,0,0,0,1442.0,0.0,35.0,360.0,1.0,0,1442.0,0.024271844660194174,0.09722222222222222,0,1442.0,False,False,True,True,False,False,False
LP001087,0,0,1,0,3750.0,2083.0,120.0,360.0,1.0,1,5833.0,0.020572604148808505,0.3333333333333333,2,1944.3333333333333,False,True,False,False,False,True,False
LP001091,1,1,1,0,4166.0,3369.0,201.0,360.0,1.0,0,7535.0,0.026675514266755143,0.5583333333333333,1,3767.5,False,False,True,False,True,False,False
LP001095,1,0,1,0,3167.0,0.0,74.0,360.0,1.0,0,3167.0,0.023365961477739186,0.20555555555555555,0,3167.0,False,False,True,True,False,False,False
LP001097,1,0,1,1,4692.0,0.0,106.0,360.0,1.0,0,4692.0,0.022591645353793693,0.29444444444444445,1,2346.0,True,False,False,False,True,False,False
LP001098,1,1,1,0,3500.0,1667.0,114.0,360.0,1.0,1,5167.0,0.022063092703696534,0.31666666666666665,0,5167.0,False,True,False,True,False,False,False
LP001100,1,0,1,0,10223.5,3000.0,262.5,360.0,1.0,0,13223.5,0.019851022800317617,0.7291666666666666,3,3305.875,True,False,False,False,False,False,True
LP001106,1,1,1,0,2275.0,2067.0,128.0,360.0,1.0,1,4342.0,0.02947950253339475,0.35555555555555557,0,4342.0,False,False,True,True,False,False,False
LP001112,0,1,1,0,3667.0,1459.0,144.0,360.0,1.0,1,5126.0,0.02809207959422552,0.4,0,5126.0,False,True,False,True,False,False,False
LP001114,1,0,1,0,4166.0,5755.0,184.0,360.0,1.0,1,9921.0,0.018546517488156437,0.5111111111111111,0,9921.0,False,False,True,True,False,False,False
LP001116,1,0,0,0,3748.0,1668.0,110.0,360.0,1.0,1,5416.0,0.02031019202363368,0.3055555555555556,0,5416.0,False,True,False,True,False,False,False
LP001119,1,0,1,0,3600.0,0.0,80.0,360.0,1.0,0,3600.0,0.022222222222222223,0.2222222222222222,0,3600.0,False,False,True,True,False,False,False
LP001120,1,0,1,0,1800.0,1213.0,47.0,360.0,1.0,1,3013.0,0.015599070693660804,0.13055555555555556,0,3013.0,False,False,True,True,False,False,False
LP001123,1,1,1,0,2400.0,0.0,75.0,360.0,1.0,1,2400.0,0.03125,0.20833333333333334,0,2400.0,False,False,True,True,False,False,False
LP001131,1,1,1,0,3941.0,2336.0,134.0,360.0,1.0,1,6277.0,0.021347777600764697,0.37222222222222223,0,6277.0,False,True,False,True,False,False,False
LP001138,1,1,1,0,5649.0,0.0,44.0,360.0,1.0,1,5649.0,0.007788989201628607,0.12222222222222222,1,2824.5,False,False,True,False,True,False,False
LP001144,1,1,1,0,5821.0,0.0,144.0,360.0,1.0,1,5821.0,0.02473801752276241,0.4,0,5821.0,False,False,True,True,False,False,False
LP001146,0,1,1,0,2645.0,3440.0,120.0,360.0,0.0,0,6085.0,0.01972062448644207,0.3333333333333333,0,6085.0,False,False,True,True,False,False,False
LP001151,0,0,1,0,4000.0,2275.0,144.0,360.0,1.0,1,6275.0,0.022948207171314742,0.4,0,6275.0,False,True,False,True,False,False,False
LP001155,0,1,0,0,1928.0,1644.0,100.0,360.0,1.0,1,3572.0,0.027995520716685332,0.2777777777777778,0,3572.0,False,True,False,True,False,False,False
LP001157,0,0,1,0,3086.0,0.0,120.0,360.0,1.0,1,3086.0,0.03888528839922229,0.3333333333333333,0,3086.0,False,True,False,True,False,False,False
LP001164,0,0,1,0,4230.0,0.0,112.0,360.0,1.0,0,4230.0,0.026477541371158392,0.3111111111111111,0,4230.0,False,True,False,True,False,False,False
LP001179,1,1,1,0,4616.0,0.0,134.0,360.0,1.0,0,4616.0,0.02902946273830156,0.37222222222222223,2,1538.6666666666667,False,False,True,False,False,True,False
LP001186,0,1,1,1,10223.5,0.0,262.5,360.0,0.0,0,10223.5,0.025676138308798356,0.7291666666666666,1,5111.75,False,False,True,False,True,False,False
LP001194,1,1,1,0,2708.0,1167.0,97.0,360.0,1.0,1,3875.0,0.02503225806451613,0.26944444444444443,2,1291.6666666666667,False,True,False,False,False,True,False
LP001195,1,1,1,0,2132.0,1591.0,96.0,360.0,1.0,1,3723.0,0.0257856567284448,0.26666666666666666,0,3723.0,False,True,False,True,False,False,False
LP001197,1,1,1,0,3366.0,2200.0,135.0,360.0,1.0,0,5566.0,0.024254401724757457,0.375,0,5566.0,True,False,False,True,False,False,False
LP001198,1,1,1,0,8080.0,2250.0,180.0,360.0,1.0,1,10330.0,0.017424975798644726,0.5,1,5165.0,False,False,True,False,True,False,False
LP001199,1,1,0,0,3357.0,2859.0,144.0,360.0,1.0,1,6216.0,0.023166023166023165,0.4,2,2072.0,False,False,True,False,False,True,False
LP001205,1,1,1,0,2500.0,3796.0,120.0,360.0,1.0,1,6296.0,0.01905972045743329,0.3333333333333333,0,6296.0,False,False,True,True,False,False,False
LP001206,1,1,1,0,3029.0,0.0,99.0,360.0,1.0,1,3029.0,0.03268405414328161,0.275,3,757.25,False,False,True,False,False,False,True
LP001207,1,1,0,1,2609.0,3449.0,165.0,180.0,0.0,0,6058.0,0.02723671178606801,0.9166666666666666,0,6058.0,True,False,False,True,False,False,False
LP001213,1,1,1,0,4945.0,0.0,128.0,360.0,0.0,0,4945.0,0.025884732052578362,0.35555555555555557,1,2472.5,True,False,False,False,True,False,False
LP001222,0,0,1,0,4166.0,0.0,116.0,360.0,0.0,0,4166.0,0.02784445511281805,0.32222222222222224,0,4166.0,False,True,False,True,False,False,False
LP001225,1,1,1,0,5726.0,4595.0,258.0,360.0,1.0,0,10321.0,0.024997577754093597,0.7166666666666667,0,10321.0,False,True,False,True,False,False,False
LP001228,1,0,0,0,3200.0,2254.0,126.0,180.0,0.0,0,5454.0,0.0231023102310231,0.7,0,5454.0,False,False,True,True,False,False,False
LP001233,1,1,1,0,10223.5,0.0,262.5,360.0,1.0,1,10223.5,0.025676138308798356,0.7291666666666666,1,5111.75,False,False,True,False,True,False,False
LP001238,1,1,0,1,7100.0,0.0,125.0,60.0,1.0,1,7100.0,0.017605633802816902,2.0833333333333335,3,1775.0,False,False,True,False,False,False,True
LP001241,0,0,1,0,4300.0,0.0,136.0,360.0,0.0,0,4300.0,0.03162790697674418,0.37777777777777777,0,4300.0,False,True,False,True,False,False,False
LP001243,1,1,1,0,3208.0,3066.0,172.0,360.0,1.0,1,6274.0,0.027414727446605038,0.4777777777777778,0,6274.0,False,False,True,True,False,False,False
LP001245,1,1,0,1,1875.0,1875.0,97.0,360.0,1.0,1,3750.0,0.025866666666666666,0.26944444444444443,2,1250.0,False,True,False,False,False,True,False
LP001248,1,0,1,0,3500.0,0.0,81.0,300.0,1.0,1,3500.0,0.023142857142857142,0.27,0,3500.0,False,True,False,True,False,False,False
LP001253,1,1,1,1,5266.0,1774.0,187.0,360.0,1.0,1,7040.0,0.0265625,0.5194444444444445,3,1760.0,False,True,False,False,False,False,True
LP001255,1,0,1,0,3750.0,0.0,113.0,480.0,1.0,0,3750.0,0.030133333333333335,0.23541666666666666,0,3750.0,False,False,True,True,False,False,False
LP001256,1,0,1,0,3750.0,4750.0,176.0,360.0,1.0,0,8500.0,0.020705882352941178,0.4888888888888889,0,8500.0,False,False,True,True,False,False,False
LP001259,1,1,1,1,1000.0,3022.0,110.0,360.0,1.0,0,4022.0,0.02734957732471407,0.3055555555555556,1,2011.0,False,False,True,False,True,False,False
LP001263,1,1,1,0,3167.0,4000.0,180.0,300.0,0.0,0,7167.0,0.025115110925073254,0.6,3,1791.75,False,True,False,False,False,False,True
LP001264,1,1,0,1,3333.0,2166.0,130.0,360.0,1.0,1,5499.0,0.02364066193853428,0.3611111111111111,3,1374.75,False,True,False,False,False,False,True
LP001265,0,0,1,0,3846.0,0.0,111.0,360.0,1.0,1,3846.0,0.028861154446177848,0.30833333333333335,0,3846.0,False,True,False,True,False,False,False
LP001266,1,1,1,1,2395.0,0.0,128.0,360.0,1.0,1,2395.0,0.05344467640918581,0.35555555555555557,1,1197.5,False,True,False,False,True,False,False
LP001267,0,1,1,0,1378.0,1881.0,167.0,360.0,1.0,0,3259.0,0.0512427124884934,0.4638888888888889,2,1086.3333333333333,False,False,True,False,False,True,False
LP001273,1,1,1,0,6000.0,2250.0,262.5,360.0,1.0,0,8250.0,0.031818181818181815,0.7291666666666666,0,8250.0,False,True,False,True,False,False,False
LP001275,1,1,1,0,3988.0,0.0,50.0,240.0,1.0,1,3988.0,0.012537612838515547,0.20833333333333334,1,1994.0,False,False,True,False,True,False,False
LP001279,1,0,1,0,2366.0,2531.0,136.0,360.0,1.0,1,4897.0,0.027772105370635083,0.37777777777777777,0,4897.0,False,True,False,True,False,False,False
LP001280,1,1,0,0,3333.0,2000.0,99.0,360.0,1.0,1,5333.0,0.0185636602287643,0.275,2,1777.6666666666667,False,True,False,False,False,True,False
LP001282,1,1,1,0,2500.0,2118.0,104.0,360.0,1.0,1,4618.0,0.02252057167605024,0.28888888888888886,0,4618.0,False,True,False,True,False,False,False
LP001289,1,0,1,0,8566.0,0.0,210.0,360.0,1.0,1,8566.0,0.02451552650011674,0.5833333333333334,0,8566.0,False,False,True,True,False,False,False
LP001310,1,1,1,0,5695.0,4167.0,175.0,360.0,1.0,1,9862.0,0.017744879334820524,0.4861111111111111,0,9862.0,False,True,False,True,False,False,False
LP001316,1,1,1,0,2958.0,2900.0,131.0,360.0,1.0,1,5858.0,0.022362581085694777,0.3638888888888889,0,5858.0,False,True,False,True,False,False,False
LP001318,1,1,1,0,6250.0,5654.0,188.0,180.0,1.0,1,11904.0,0.015793010752688172,1.0444444444444445,2,3968.0,False,True,False,False,False,True,False
LP001319,1,1,0,0,3273.0,1820.0,81.0,360.0,1.0,1,5093.0,0.015904182210877676,0.225,2,1697.6666666666667,False,False,True,False,False,True,False
LP001322,1,0,1,0,4133.0,0.0,122.0,360.0,1.0,1,4133.0,0.029518509557222357,0.3388888888888889,0,4133.0,False,True,False,True,False,False,False
LP001325,1,0,0,0,3620.0,0.0,25.0,120.0,1.0,1,3620.0,0.006906077348066298,0.20833333333333334,0,3620.0,False,True,False,True,False,False,False
LP001326,1,0,1,0,6782.0,0.0,128.0,360.0,1.0,0,6782.0,0.018873488646416987,0.35555555555555557,0,6782.0,False,False,True,True,False,False,False
LP001327,0,1,1,0,2484.0,2302.0,137.0,360.0,1.0,1,4786.0,0.028625156707062265,0.38055555555555554,0,4786.0,False,True,False,True,False,False,False
LP001333,1,1,1,0,1977.0,997.0,50.0,360.0,1.0,1,2974.0,0.016812373907195696,0.1388888888888889,0,2974.0,False,True,False,True,False,False,False
LP001334,1,1,0,0,4188.0,0.0,115.0,180.0,1.0,1,4188.0,0.027459407831900668,0.6388888888888888,0,4188.0,False,True,False,True,False,False,False
LP001343,1,1,1,0,1759.0,3541.0,131.0,360.0,1.0,1,5300.0,0.02471698113207547,0.3638888888888889,0,5300.0,False,True,False,True,False,False,False
LP001345,1,1,0,0,4288.0,3263.0,133.0,180.0,1.0,1,7551.0,0.01761356111773275,0.7388888888888889,2,2517.0,False,False,True,False,False,True,False
LP001349,1,0,1,0,4843.0,3806.0,151.0,360.0,1.0,1,8649.0,0.017458665741704245,0.41944444444444445,0,8649.0,False,True,False,True,False,False,False
LP001356,1,1,1,0,4652.0,3583.0,128.0,360.0,1.0,1,8235.0,0.01554341226472374,0.35555555555555557,0,8235.0,False,True,False,True,False,False,False
LP001367,1,1,1,0,3052.0,1030.0,100.0,360.0,1.0,1,4082.0,0.02449779519843214,0.2777777777777778,1,2041.0,False,False,True,False,True,False,False
LP001369,1,1,1,0,10223.5,1126.0,225.0,360.0,1.0,1,11349.5,0.019824661879377946,0.625,2,3783.1666666666665,False,False,True,False,False,True,False
LP001370,1,0,0,0,7333.0,0.0,120.0,360.0,1.0,0,7333.0,0.01636438019909996,0.3333333333333333,0,7333.0,True,False,False,True,False,False,False
LP001379,1,1,1,0,3800.0,3600.0,216.0,360.0,0.0,0,7400.0,0.02918918918918919,0.6,2,2466.6666666666665,False,False,True,False,False,True,False
LP001384,1,1,0,0,2071.0,754.0,94.0,480.0,1.0,1,2825.0,0.03327433628318584,0.19583333333333333,3,706.25,False,True,False,False,False,False,True
LP001385,1,0,1,0,5316.0,0.0,136.0,360.0,1.0,1,5316.0,0.025583145221971408,0.37777777777777777,0,5316.0,False,False,True,True,False,False,False
LP001387,0,1,1,0,2929.0,2333.0,139.0,360.0,1.0,1,5262.0,0.026415811478525276,0.3861111111111111,0,5262.0,False,True,False,True,False,False,False
LP001392,0,0,1,1,7451.0,0.0,128.0,360.0,1.0,1,7451.0,0.01717890216078379,0.35555555555555557,1,3725.5,False,True,False,False,True,False,False
LP001398,1,0,1,0,5050.0,0.0,118.0,360.0,1.0,1,5050.0,0.023366336633663366,0.3277777777777778,0,5050.0,False,True,False,True,False,False,False
LP001401,1,1,1,0,10223.5,0.0,185.0,180.0,1.0,1,10223.5,0.01809556414143884,1.0277777777777777,1,5111.75,True,False,False,False,True,False,False
LP001404,0,1,1,0,3167.0,2283.0,154.0,360.0,1.0,1,5450.0,0.028256880733944955,0.42777777777777776,0,5450.0,False,True,False,True,False,False,False
LP001405,1,1,1,0,2214.0,1398.0,85.0,360.0,1.0,1,3612.0,0.02353266888150609,0.2361111111111111,1,1806.0,False,False,True,False,True,False,False
LP001421,1,1,1,0,5568.0,2142.0,175.0,360.0,1.0,0,7710.0,0.022697795071335927,0.4861111111111111,0,7710.0,True,False,False,True,False,False,False
LP001422,0,0,1,0,10223.5,0.0,259.0,360.0,1.0,1,10223.5,0.02533378979801438,0.7194444444444444,0,10223.5,False,False,True,True,False,False,False
LP001430,0,0,1,0,4166.0,0.0,44.0,360.0,1.0,1,4166.0,0.01056168987037926,0.12222222222222222,0,4166.0,False,True,False,True,False,False,False
LP001431,0,0,1,0,2137.0,5755.0,137.0,360.0,0.0,1,7892.0,0.017359351241763812,0.38055555555555554,0,7892.0,False,True,False,True,False,False,False
LP001432,1,1,1,0,2957.0,0.0,81.0,360.0,1.0,1,2957.0,0.027392627663172135,0.225,2,985.6666666666666,False,True,False,False,False,True,False
LP001439,1,1,0,0,4300.0,2014.0,194.0,360.0,1.0,1,6314.0,0.030725372188786824,0.5388888888888889,0,6314.0,True,False,False,True,False,False,False
LP001443,0,0,1,0,3692.0,0.0,93.0,360.0,1.0,1,3692.0,0.025189599133261104,0.25833333333333336,0,3692.0,True,False,False,True,False,False,False
LP001449,1,0,1,0,3865.0,1640.0,128.0,360.0,1.0,1,5505.0,0.023251589464123524,0.35555555555555557,0,5505.0,True,False,False,True,False,False,False
LP001451,1,1,1,1,10223.5,3850.0,160.0,180.0,0.0,0,14073.5,0.011368884783458273,0.8888888888888888,1,7036.75,False,False,True,False,True,False,False
LP001465,1,1,1,0,6080.0,2569.0,182.0,360.0,1.0,0,8649.0,0.021042895132385248,0.5055555555555555,0,8649.0,True,False,False,True,False,False,False
LP001469,1,0,1,1,10223.5,0.0,262.5,480.0,1.0,1,10223.5,0.025676138308798356,0.546875,0,10223.5,False,False,True,True,False,False,False
LP001473,1,0,1,0,2014.0,1929.0,74.0,360.0,1.0,1,3943.0,0.018767435962465127,0.20555555555555555,0,3943.0,False,False,True,True,False,False,False
LP001478,1,0,1,0,2718.0,0.0,70.0,360.0,1.0,1,2718.0,0.025754231052244298,0.19444444444444445,0,2718.0,False,True,False,True,False,False,False
LP001482,1,1,1,1,3459.0,0.0,25.0,120.0,1.0,1,3459.0,0.007227522405319456,0.20833333333333334,0,3459.0,False,True,False,True,False,False,False
LP001487,1,0,1,0,4895.0,0.0,102.0,360.0,1.0,1,4895.0,0.020837589376915218,0.2833333333333333,0,4895.0,False,True,False,True,False,False,False
LP001488,1,1,1,0,4000.0,5755.0,262.5,360.0,1.0,0,9755.0,0.026909277293695542,0.7291666666666666,3,2438.75,False,True,False,False,False,False,True
LP001489,0,1,1,0,4583.0,0.0,84.0,360.0,1.0,0,4583.0,0.0183286057167794,0.23333333333333334,0,4583.0,True,False,False,True,False,False,False
LP001491,1,1,1,1,3316.0,3500.0,88.0,360.0,1.0,1,6816.0,0.012910798122065728,0.24444444444444444,2,2272.0,False,False,True,False,False,True,False
LP001492,1,0,1,0,10223.5,0.0,242.0,360.0,0.0,0,10223.5,0.023670954174206484,0.6722222222222223,0,10223.5,False,True,False,True,False,False,False
LP001493,1,1,0,0,4200.0,1430.0,129.0,360.0,1.0,0,5630.0,0.022912966252220248,0.35833333333333334,2,1876.6666666666667,True,False,False,False,False,True,False
LP001497,1,1,1,0,5042.0,2083.0,185.0,360.0,1.0,0,7125.0,0.025964912280701753,0.5138888888888888,2,2375.0,True,False,False,False,False,True,False
LP001498,1,0,1,0,5417.0,0.0,168.0,360.0,1.0,1,5417.0,0.031013476093778844,0.4666666666666667,0,5417.0,False,False,True,True,False,False,False
LP001504,1,0,1,1,6950.0,0.0,175.0,180.0,1.0,1,6950.0,0.025179856115107913,0.9722222222222222,0,6950.0,False,True,False,True,False,False,False
LP001507,1,1,1,0,2698.0,2034.0,122.0,360.0,1.0,1,4732.0,0.02578191039729501,0.3388888888888889,0,4732.0,False,True,False,True,False,False,False
LP001508,1,1,1,0,10223.5,0.0,187.0,180.0,1.0,1,10223.5,0.01829119186188683,1.038888888888889,2,3407.8333333333335,False,False,True,False,False,True,False
LP001514,0,1,1,0,2330.0,4486.0,100.0,360.0,1.0,1,6816.0,0.014671361502347418,0.2777777777777778,0,6816.0,False,True,False,True,False,False,False
LP001516,0,1,1,0,10223.5,0.0,70.0,360.0,1.0,1,10223.5,0.006846970215679562,0.19444444444444445,2,3407.8333333333335,False,False,True,False,False,True,False
LP001518,1,1,1,0,1538.0,1425.0,30.0,360.0,1.0,1,2963.0,0.010124873439082012,0.08333333333333333,1,1481.5,False,False,True,False,True,False,False
LP001519,0,0,1,0,10000.0,1666.0,225.0,360.0,1.0,0,11666.0,0.019286816389507973,0.625,0,11666.0,True,False,False,True,False,False,False
LP001520,1,1,1,0,4860.0,830.0,125.0,360.0,1.0,1,5690.0,0.021968365553602813,0.3472222222222222,0,5690.0,False,True,False,True,False,False,False
LP001528,1,0,1,0,6277.0,0.0,118.0,360.0,0.0,0,6277.0,0.018798789230524134,0.3277777777777778,0,6277.0,True,False,False,True,False,False,False
LP001529,1,1,1,1,2577.0,3750.0,152.0,360.0,1.0,1,6327.0,0.024024024024024024,0.4222222222222222,0,6327.0,True,False,False,True,False,False,False
LP001531,1,0,1,0,9166.0,0.0,244.0,360.0,1.0,0,9166.0,0.026620117826751038,0.6777777777777778,0,9166.0,False,False,True,True,False,False,False
LP001532,1,1,0,0,2281.0,0.0,113.0,360.0,1.0,0,2281.0,0.049539675580885574,0.3138888888888889,2,760.3333333333334,True,False,False,False,False,True,False
LP001535,1,0,1,0,3254.0,0.0,50.0,360.0,1.0,1,3254.0,0.015365703749231715,0.1388888888888889,0,3254.0,False,False,True,True,False,False,False
LP001536,1,1,1,0,10223.5,0.0,262.5,180.0,0.0,1,10223.5,0.025676138308798356,1.4583333333333333,3,2555.875,False,True,False,False,False,False,True
LP001541,1,1,1,0,6000.0,0.0,160.0,360.0,1.0,1,6000.0,0.02666666666666667,0.4444444444444444,1,3000.0,True,False,False,False,True,False,False
LP001543,1,1,1,0,9538.0,0.0,187.0,360.0,1.0,1,9538.0,0.019605787376808556,0.5194444444444445,1,4769.0,False,False,True,False,True,False,False
LP001546,1,0,1,0,2980.0,2083.0,120.0,360.0,1.0,1,5063.0,0.023701362828362632,0.3333333333333333,0,5063.0,True,False,False,True,False,False,False
LP001552,1,1,1,0,4583.0,5625.0,255.0,360.0,1.0,1,10208.0,0.02498040752351097,0.7083333333333334,0,10208.0,False,True,False,True,False,False,False
LP001560,1,1,0,0,1863.0,1041.0,98.0,360.0,1.0,1,2904.0,0.0337465564738292,0.2722222222222222,0,2904.0,False,True,False,True,False,False,False
LP001562,1,1,1,0,7933.0,0.0,262.5,360.0,1.0,0,7933.0,0.03308962561452162,0.7291666666666666,0,7933.0,False,False,True,True,False,False,False
LP001565,1,1,1,0,3089.0,1280.0,121.0,360.0,0.0,0,4369.0,0.027695124742504004,0.33611111111111114,1,2184.5,False,True,False,False,True,False,False
LP001570,1,1,1,0,4167.0,1447.0,158.0,360.0,1.0,1,5614.0,0.028143925899536872,0.4388888888888889,2,1871.3333333333333,True,False,False,False,False,True,False
LP001572,1,1,1,0,9323.0,0.0,75.0,180.0,1.0,1,9323.0,0.008044620830204869,0.4166666666666667,0,9323.0,False,False,True,True,False,False,False
LP001577,0,1,1,0,4583.0,0.0,112.0,360.0,1.0,0,4583.0,0.02443814095570587,0.3111111111111111,0,4583.0,True,False,False,True,False,False,False
LP001578,1,1,1,0,2439.0,3333.0,129.0,360.0,1.0,1,5772.0,0.02234927234927235,0.35833333333333334,0,5772.0,True,False,False,True,False,False,False
LP001579,1,0,1,0,2237.0,0.0,63.0,480.0,0.0,0,2237.0,0.028162717925793473,0.13125,0,2237.0,False,True,False,True,False,False,False
LP001580,1,1,1,0,8000.0,0.0,200.0,360.0,1.0,1,8000.0,0.025,0.5555555555555556,2,2666.6666666666665,False,True,False,False,False,True,False
LP001581,1,1,0,0,1820.0,1769.0,95.0,360.0,1.0,1,3589.0,0.026469768737809974,0.2638888888888889,0,3589.0,True,False,False,True,False,False,False
LP001586,1,1,0,0,3522.0,0.0,81.0,180.0,1.0,0,3522.0,0.022998296422487224,0.45,3,880.5,True,False,False,False,False,False,True
LP001594,1,1,1,0,5708.0,5625.0,187.0,360.0,1.0,1,11333.0,0.016500485308391422,0.5194444444444445,0,11333.0,False,True,False,True,False,False,False
LP001603,1,1,0,1,4344.0,736.0,87.0,360.0,1.0,0,5080.0,0.017125984251968505,0.24166666666666667,0,5080.0,False,True,False,True,False,False,False
LP001606,1,1,1,0,3497.0,1964.0,116.0,360.0,1.0,1,5461.0,0.021241530855154733,0.32222222222222224,0,5461.0,True,False,False,True,False,False,False
LP001608,1,1,1,0,2045.0,1619.0,101.0,360.0,1.0,1,3664.0,0.027565502183406112,0.28055555555555556,2,1221.3333333333333,True,False,False,False,False,True,False
LP001610,1,1,1,0,5516.0,5755.0,262.5,360.0,0.0,0,11271.0,0.02328985892999734,0.7291666666666666,3,2817.75,False,True,False,False,False,False,True
LP001616,1,1,1,0,3750.0,0.0,116.0,360.0,1.0,1,3750.0,0.030933333333333334,0.32222222222222224,1,1875.0,False,True,False,False,True,False,False
LP001630,1,0,0,0,2333.0,1451.0,102.0,480.0,0.0,0,3784.0,0.026955602536997886,0.2125,0,3784.0,False,False,True,True,False,False,False
LP001633,1,1,1,0,6400.0,5755.0,180.0,360.0,0.0,0,12155.0,0.014808720691073632,0.5,1,6077.5,False,False,True,False,True,False,False
LP001634,1,0,1,0,1916.0,5063.0,67.0,360.0,1.0,0,6979.0,0.00960022925920619,0.18611111111111112,0,6979.0,True,False,False,True,False,False,False
LP001636,1,1,1,0,4600.0,0.0,73.0,180.0,1.0,1,4600.0,0.015869565217391305,0.40555555555555556,0,4600.0,False,True,False,True,False,False,False
LP001637,1,1,1,0,10223.5,0.0,260.0,360.0,1.0,0,10223.5,0.025431603658238374,0.7222222222222222,1,5111.75,False,True,False,False,True,False,False
LP001639,0,1,1,0,3625.0,0.0,108.0,360.0,1.0,1,3625.0,0.029793103448275862,0.3,0,3625.0,False,True,False,True,False,False,False
LP001640,1,1,1,1,10223.5,4750.0,120.0,360.0,1.0,1,14973.5,0.008014158346411995,0.3333333333333333,0,14973.5,False,True,False,True,False,False,False
LP001641,1,1,1,1,2178.0,0.0,66.0,300.0,0.0,0,2178.0,0.030303030303030304,0.22,1,1089.0,True,False,False,False,True,False,False
LP001643,1,1,1,0,2383.0,2138.0,58.0,360.0,1.0,1,4521.0,0.012829020128290201,0.16111111111111112,0,4521.0,True,False,False,True,False,False,False
LP001647,1,1,1,0,9328.0,0.0,188.0,180.0,1.0,1,9328.0,0.020154373927958835,1.0444444444444445,0,9328.0,True,False,False,True,False,False,False
LP001653,1,0,0,0,4885.0,0.0,48.0,360.0,1.0,1,4885.0,0.009825997952917094,0.13333333333333333,0,4885.0,True,False,False,True,False,False,False
LP001656,1,0,1,0,10223.5,0.0,164.0,360.0,1.0,0,10223.5,0.016041473076734973,0.45555555555555555,0,10223.5,False,True,False,True,False,False,False
LP001657,1,1,0,0,6033.0,0.0,160.0,360.0,1.0,0,6033.0,0.026520802254268193,0.4444444444444444,0,6033.0,False,False,True,True,False,False,False
LP001658,1,0,1,0,3858.0,0.0,76.0,360.0,1.0,1,3858.0,0.019699326075686883,0.2111111111111111,0,3858.0,False,True,False,True,False,False,False
LP001664,1,0,1,0,4191.0,0.0,120.0,360.0,1.0,1,4191.0,0.02863278453829635,0.3333333333333333,0,4191.0,True,False,False,True,False,False,False
LP001665,1,1,1,0,3125.0,2583.0,170.0,360.0,1.0,0,5708.0,0.029782761037140854,0.4722222222222222,1,2854.0,False,True,False,False,True,False,False
LP001666,1,0,1,0,8333.0,3750.0,187.0,360.0,1.0,1,12083.0,0.015476289001075892,0.5194444444444445,0,12083.0,True,False,False,True,False,False,False
LP001671,0,1,1,0,3416.0,2816.0,113.0,360.0,1.0,1,6232.0,0.01813222079589217,0.3138888888888889,0,6232.0,False,True,False,True,False,False,False
LP001673,1,0,1,1,10223.5,0.0,83.0,360.0,1.0,0,10223.5,0.00811855039859148,0.23055555555555557,0,10223.5,False,False,True,True,False,False,False
LP001674,1,1,0,0,2600.0,2500.0,90.0,360.0,1.0,1,5100.0,0.01764705882352941,0.25,1,2550.0,False,True,False,False,True,False,False
LP001677,1,0,1,0,4923.0,0.0,166.0,360.0,0.0,1,4923.0,0.03371927686370099,0.46111111111111114,2,1641.0,False,True,False,False,False,True,False
LP001682,1,1,0,0,3992.0,0.0,128.0,180.0,1.0,0,3992.0,0.03206412825651302,0.7111111111111111,3,998.0,False,False,True,False,False,False,True
LP001688,1,1,0,0,3500.0,1083.0,135.0,360.0,1.0,1,4583.0,0.029456687759109753,0.375,1,2291.5,False,False,True,False,True,False,False
LP001691,1,1,0,0,3917.0,0.0,124.0,360.0,1.0,1,3917.0,0.03165688026550932,0.34444444444444444,2,1305.6666666666667,False,True,False,False,False,True,False
LP001692,0,0,0,0,4408.0,0.0,120.0,360.0,1.0,1,4408.0,0.02722323049001815,0.3333333333333333,0,4408.0,False,True,False,True,False,False,False
LP001693,0,0,1,0,3244.0,0.0,80.0,360.0,1.0,1,3244.0,0.02466091245376079,0.2222222222222222,0,3244.0,False,False,True,True,False,False,False
LP001698,1,0,0,0,3975.0,2531.0,55.0,360.0,1.0,1,6506.0,0.008453735013833385,0.1527777777777778,0,6506.0,True,False,False,True,False,False,False
LP001699,1,0,1,0,2479.0,0.0,59.0,360.0,1.0,1,2479.0,0.02379991932230738,0.1638888888888889,0,2479.0,False,False,True,True,False,False,False
LP001702,1,0,1,0,3418.0,0.0,127.0,360.0,1.0,0,3418.0,0.0371562317144529,0.3527777777777778,0,3418.0,False,True,False,True,False,False,False
LP001708,0,0,1,0,10000.0,0.0,214.0,360.0,1.0,0,10000.0,0.0214,0.5944444444444444,0,10000.0,False,True,False,True,False,False,False
LP001711,1,1,1,0,3430.0,1250.0,128.0,360.0,0.0,0,4680.0,0.02735042735042735,0.35555555555555557,3,1170.0,False,True,False,False,False,False,True
LP001713,1,1,1,1,7787.0,0.0,240.0,360.0,1.0,1,7787.0,0.030820598433286245,0.6666666666666666,1,3893.5,False,False,True,False,True,False,False
LP001715,1,1,0,1,5703.0,0.0,130.0,360.0,1.0,1,5703.0,0.02279502016482553,0.3611111111111111,3,1425.75,True,False,False,False,False,False,True
LP001716,1,1,1,0,3173.0,3021.0,137.0,360.0,1.0,1,6194.0,0.022118178882789795,0.38055555555555554,0,6194.0,False,False,True,True,False,False,False
LP001720,1,1,0,0,3850.0,983.0,100.0,360.0,1.0,1,4833.0,0.02069108214359611,0.2777777777777778,3,1208.25,False,True,False,False,False,False,True
LP001722,1,1,1,0,150.0,1800.0,135.0,360.0,1.0,0,1950.0,0.06923076923076923,0.375,0,1950.0,True,False,False,True,False,False,False
LP001726,1,1,1,0,3727.0,1775.0,131.0,360.0,1.0,1,5502.0,0.023809523809523808,0.3638888888888889,0,5502.0,False,True,False,True,False,False,False
LP001732,1,1,1,0,5000.0,0.0,72.0,360.0,0.0,0,5000.0,0.0144,0.2,2,1666.6666666666667,False,True,False,False,False,True,False
LP001734,0,1,1,0,4283.0,2383.0,127.0,360.0,1.0,1,6666.0,0.019051905190519053,0.3527777777777778,2,2222.0,False,True,False,False,False,True,False
LP001736,1,1,1,0,2221.0,0.0,60.0,360.0,0.0,0,2221.0,0.0270148581719946,0.16666666666666666,0,2221.0,False,False,True,True,False,False,False
LP001743,1,1,1,0,4009.0,1717.0,116.0,360.0,1.0,1,5726.0,0.020258470136220747,0.32222222222222224,2,1908.6666666666667,False,True,False,False,False,True,False
LP001744,1,0,1,0,2971.0,2791.0,144.0,360.0,1.0,1,5762.0,0.024991322457480043,0.4,0,5762.0,False,True,False,True,False,False,False
LP001750,1,1,1,0,6250.0,0.0,128.0,360.0,1.0,1,6250.0,0.02048,0.35555555555555557,0,6250.0,False,True,False,True,False,False,False
LP001751,1,1,1,0,3250.0,0.0,170.0,360.0,1.0,0,3250.0,0.052307692307692305,0.4722222222222222,0,3250.0,True,False,False,True,False,False,False
LP001758,1,1,1,0,6250.0,1695.0,210.0,360.0,1.0,1,7945.0,0.02643171806167401,0.5833333333333334,2,2648.3333333333335,False,True,False,False,False,True,False
LP001761,1,0,1,1,6400.0,0.0,200.0,360.0,1.0,1,6400.0,0.03125,0.5555555555555556,0,6400.0,True,False,False,True,False,False,False
LP001765,1,1,1,0,2491.0,2054.0,104.0,360.0,1.0,1,4545.0,0.02288228822882288,0.28888888888888886,1,2272.5,False,True,False,False,True,False,False
LP001768,1,1,1,0,3716.0,0.0,42.0,180.0,1.0,1,3716.0,0.011302475780409042,0.23333333333333334,0,3716.0,True,False,False,True,False,False,False
LP001776,0,0,1,0,8333.0,0.0,262.5,360.0,1.0,1,8333.0,0.03150126005040202,0.7291666666666666,0,8333.0,False,True,False,True,False,False,False
LP001778,1,1,1,0,3155.0,1779.0,140.0,360.0,1.0,1,4934.0,0.02837454398054317,0.3888888888888889,1,2467.0,False,True,False,False,True,False,False
LP001784,1,1,1,0,5500.0,1260.0,170.0,360.0,1.0,1,6760.0,0.02514792899408284,0.4722222222222222,1,3380.0,True,False,False,False,True,False,False
LP001786,1,1,1,0,5746.0,0.0,255.0,360.0,1.0,0,5746.0,0.04437869822485207,0.7083333333333334,0,5746.0,False,False,True,True,False,False,False
LP001788,0,0,1,1,3463.0,0.0,122.0,360.0,1.0,1,3463.0,0.03522956973722206,0.3388888888888889,0,3463.0,False,False,True,True,False,False,False
LP001790,0,0,1,0,3812.0,0.0,112.0,360.0,1.0,1,3812.0,0.02938090241343127,0.3111111111111111,1,1906.0,True,False,False,False,True,False,False
LP001792,1,1,1,0,3315.0,0.0,96.0,360.0,1.0,1,3315.0,0.02895927601809955,0.26666666666666666,1,1657.5,False,True,False,False,True,False,False
LP001798,1,1,1,0,5819.0,5000.0,120.0,360.0,1.0,1,10819.0,0.01109159811442832,0.3333333333333333,2,3606.3333333333335,True,False,False,False,False,True,False
LP001800,1,1,0,0,2510.0,1983.0,140.0,180.0,1.0,0,4493.0,0.031159581571333184,0.7777777777777778,1,2246.5,False,False,True,False,True,False,False
LP001806,1,0,1,0,2965.0,5701.0,155.0,60.0,1.0,1,8666.0,0.017885991230094624,2.5833333333333335,0,8666.0,False,False,True,True,False,False,False
LP001807,1,1,1,1,6250.0,1300.0,108.0,360.0,1.0,1,7550.0,0.014304635761589404,0.3,2,2516.6666666666665,True,False,False,False,False,True,False
LP001811,1,1,0,0,3406.0,4417.0,123.0,360.0,1.0,1,7823.0,0.01572286846478333,0.3416666666666667,0,7823.0,False,True,False,True,False,False,False
LP001813,1,0,1,1,6050.0,4333.0,120.0,180.0,1.0,0,10383.0,0.011557353366079168,0.6666666666666666,0,10383.0,False,False,True,True,False,False,False
LP001814,1,1,1,0,9703.0,0.0,112.0,360.0,1.0,1,9703.0,0.011542821807688343,0.3111111111111111,2,3234.3333333333335,False,False,True,False,False,True,False
LP001819,1,1,0,0,6608.0,0.0,137.0,180.0,1.0,1,6608.0,0.020732445520581115,0.7611111111111111,1,3304.0,False,False,True,False,True,False,False
LP001824,1,1,1,0,2882.0,1843.0,123.0,480.0,1.0,1,4725.0,0.02603174603174603,0.25625,1,2362.5,False,True,False,False,True,False,False
LP001825,1,1,1,0,1809.0,1868.0,90.0,360.0,1.0,1,3677.0,0.024476475387544192,0.25,0,3677.0,False,False,True,True,False,False,False
LP001835,1,1,0,0,1668.0,3890.0,201.0,360.0,0.0,0,5558.0,0.0361640878013674,0.5583333333333333,0,5558.0,False,True,False,True,False,False,False
LP001836,0,0,1,0,3427.0,0.0,138.0,360.0,1.0,0,3427.0,0.040268456375838924,0.38333333333333336,2,1142.3333333333333,False,False,True,False,False,True,False
LP001841,1,0,0,1,2583.0,2167.0,104.0,360.0,1.0,1,4750.0,0.021894736842105262,0.28888888888888886,0,4750.0,True,False,False,True,False,False,False
LP001843,1,1,0,0,2661.0,5755.0,262.5,180.0,1.0,1,8416.0,0.03119058935361217,1.4583333333333333,1,4208.0,False,True,False,False,True,False,False
LP001844,1,0,1,1,10223.5,0.0,192.0,360.0,0.0,0,10223.5,0.0187802611630068,0.5333333333333333,0,10223.5,False,False,True,True,False,False,False
LP001846,0,0,1,0,3083.0,0.0,255.0,360.0,1.0,1,3083.0,0.08271164450210834,0.7083333333333334,3,770.75,True,False,False,False,False,False,True
LP001849,1,0,0,0,6045.0,0.0,115.0,360.0,0.0,0,6045.0,0.01902398676592225,0.3194444444444444,0,6045.0,True,False,False,True,False,False,False
LP001854,1,1,1,0,5250.0,0.0,94.0,360.0,1.0,0,5250.0,0.017904761904761906,0.2611111111111111,3,1312.5,False,False,True,False,False,False,True
LP001859,1,1,1,0,10223.5,2100.0,262.5,360.0,1.0,0,12323.5,0.021300766827605795,0.7291666666666666,0,12323.5,True,False,False,True,False,False,False
LP001864,1,1,0,0,4931.0,0.0,128.0,360.0,1.0,0,4931.0,0.02595822348408031,0.35555555555555557,3,1232.75,False,True,False,False,False,False,True
LP001865,1,1,1,0,6083.0,4250.0,262.5,360.0,1.0,1,10333.0,0.025404045291783604,0.7291666666666666,1,5166.5,False,False,True,False,True,False,False
LP001868,1,0,1,0,2060.0,2209.0,134.0,360.0,1.0,1,4269.0,0.03138908409463575,0.37222222222222223,0,4269.0,False,True,False,True,False,False,False
LP001870,0,0,1,0,3481.0,0.0,155.0,36.0,1.0,0,3481.0,0.04452743464521689,4.305555555555555,1,1740.5,False,True,False,False,True,False,False
LP001871,0,0,1,0,7200.0,0.0,120.0,360.0,1.0,1,7200.0,0.016666666666666666,0.3333333333333333,0,7200.0,True,False,False,True,False,False,False
LP001872,1,0,1,1,5166.0,0.0,128.0,360.0,1.0,1,5166.0,0.024777390631049168,0.35555555555555557,0,5166.0,False,True,False,True,False,False,False
LP001875,1,0,1,0,4095.0,3447.0,151.0,360.0,1.0,1,7542.0,0.02002121453195439,0.41944444444444445,0,7542.0,True,False,False,True,False,False,False
LP001877,1,1,1,0,4708.0,1387.0,150.0,360.0,1.0,1,6095.0,0.02461033634126333,0.4166666666666667,2,2031.6666666666667,False,True,False,False,False,True,False
LP001882,1,1,1,0,4333.0,1811.0,160.0,360.0,0.0,1,6144.0,0.026041666666666668,0.4444444444444444,3,1536.0,False,False,True,False,False,False,True
LP001883,0,0,1,0,3418.0,0.0,135.0,360.0,1.0,0,3418.0,0.03949678174370977,0.375,0,3418.0,True,False,False,True,False,False,False
LP001884,0,0,1,0,2876.0,1560.0,90.0,360.0,1.0,1,4436.0,0.02028854824165915,0.25,1,2218.0,False,False,True,False,True,False,False
LP001888,0,0,1,0,3237.0,0.0,30.0,360.0,1.0,1,3237.0,0.009267840593141797,0.08333333333333333,0,3237.0,False,False,True,True,False,False,False
LP001891,1,1,1,0,10223.5,0.0,136.0,360.0,1.0,1,10223.5,0.01330268499046315,0.37777777777777777,0,10223.5,False,False,True,True,False,False,False
LP001892,1,0,1,0,2833.0,1857.0,126.0,360.0,1.0,1,4690.0,0.026865671641791045,0.35,0,4690.0,True,False,False,True,False,False,False
LP001894,1,1,1,0,2620.0,2223.0,150.0,360.0,1.0,1,4843.0,0.03097253768325418,0.4166666666666667,0,4843.0,False,True,False,True,False,False,False
LP001896,1,1,1,0,3900.0,0.0,90.0,360.0,1.0,1,3900.0,0.023076923076923078,0.25,2,1300.0,False,True,False,False,False,True,False
LP001900,1,1,1,0,2750.0,1842.0,115.0,360.0,1.0,1,4592.0,0.02504355400696864,0.3194444444444444,1,2296.0,False,True,False,False,True,False,False
LP001903,1,1,1,0,3993.0,3274.0,207.0,360.0,1.0,1,7267.0,0.02848493188385854,0.575,0,7267.0,False,True,False,True,False,False,False
LP001904,1,1,1,0,3103.0,1300.0,80.0,360.0,1.0,1,4403.0,0.018169429934135818,0.2222222222222222,0,4403.0,False,False,True,True,False,False,False
LP001907,1,1,1,0,10223.5,0.0,262.5,360.0,1.0,1,10223.5,0.025676138308798356,0.7291666666666666,0,10223.5,False,True,False,True,False,False,False
LP001908,0,1,0,0,4100.0,0.0,124.0,360.0,1.0,1,4100.0,0.03024390243902439,0.34444444444444444,0,4100.0,True,False,False,True,False,False,False
LP001910,1,0,0,1,4053.0,2426.0,158.0,360.0,0.0,0,6479.0,0.02438647939496836,0.4388888888888889,1,3239.5,False,False,True,False,True,False,False
LP001914,1,1,1,0,3927.0,800.0,112.0,360.0,1.0,1,4727.0,0.0236936746350751,0.3111111111111111,0,4727.0,False,True,False,True,False,False,False
LP001915,1,1,1,0,2301.0,985.7999878,78.0,180.0,1.0,1,3286.7999878,0.023731288879615956,0.43333333333333335,2,1095.5999959333333,False,False,True,False,False,True,False
LP001917,0,0,1,0,1811.0,1666.0,54.0,360.0,1.0,1,3477.0,0.015530629853321829,0.15,0,3477.0,False,False,True,True,False,False,False
LP001922,1,1,1,0,10223.5,0.0,128.0,360.0,1.0,0,10223.5,0.012520174108671199,0.35555555555555557,0,10223.5,True,False,False,True,False,False,False
LP001924,1,0,1,0,3158.0,3053.0,89.0,360.0,1.0,1,6211.0,0.014329415553051039,0.24722222222222223,0,6211.0,True,False,False,True,False,False,False
LP001925,0,0,1,1,2600.0,1717.0,99.0,300.0,1.0,0,4317.0,0.022932592077831826,0.33,0,4317.0,False,True,False,True,False,False,False
LP001926,1,1,1,0,3704.0,2000.0,120.0,360.0,1.0,1,5704.0,0.021037868162692847,0.3333333333333333,0,5704.0,True,False,False,True,False,False,False
LP001931,0,0,1,0,4124.0,0.0,115.0,360.0,1.0,1,4124.0,0.027885548011639186,0.3194444444444444,0,4124.0,False,True,False,True,False,False,False
LP001935,1,0,1,0,9508.0,0.0,187.0,360.0,1.0,1,9508.0,0.019667648296171646,0.5194444444444445,0,9508.0,True,False,False,True,False,False,False
LP001936,1,1,1,0,3075.0,2416.0,139.0,360.0,1.0,1,5491.0,0.025314150427973046,0.3861111111111111,0,5491.0,True,False,False,True,False,False,False
LP001938,1,1,1,0,4400.0,0.0,127.0,360.0,0.0,0,4400.0,0.028863636363636362,0.3527777777777778,2,1466.6666666666667,False,True,False,False,False,True,False
LP001940,1,1,1,0,3153.0,1560.0,134.0,360.0,1.0,1,4713.0,0.028431996605134735,0.37222222222222223,2,1571.0,False,False,True,False,False,True,False
LP001947,1,1,1,0,2383.0,3334.0,172.0,360.0,1.0,1,5717.0,0.03008570928808816,0.4777777777777778,0,5717.0,False,True,False,True,False,False,False
LP001949,1,1,1,0,4416.0,1250.0,110.0,360.0,1.0,1,5666.0,0.01941404871161313,0.3055555555555556,3,1416.5,False,False,True,False,False,False,True
LP001953,1,1,1,0,6875.0,0.0,200.0,360.0,1.0,1,6875.0,0.02909090909090909,0.5555555555555556,1,3437.5,False,True,False,False,True,False,False
LP001954,0,1,1,0,4666.0,0.0,135.0,360.0,1.0,1,4666.0,0.028932704672096014,0.375,1,2333.0,False,False,True,False,True,False,False
LP001955,0,0,1,0,5000.0,2541.0,151.0,480.0,1.0,0,7541.0,0.020023869513327144,0.3145833333333333,0,7541.0,True,False,False,True,False,False,False
LP001963,1,1,1,0,2014.0,2925.0,113.0,360.0,1.0,0,4939.0,0.02287912532901397,0.3138888888888889,1,2469.5,False,False,True,False,True,False,False
LP001964,1,1,0,0,1800.0,2934.0,93.0,360.0,0.0,0,4734.0,0.01964512040557668,0.25833333333333336,0,4734.0,False,False,True,True,False,False,False
LP001974,0,0,1,0,5000.0,0.0,132.0,360.0,1.0,1,5000.0,0.0264,0.36666666666666664,0,5000.0,True,False,False,True,False,False,False
LP001977,1,1,1,0,1625.0,1803.0,96.0,360.0,1.0,1,3428.0,0.028004667444574097,0.26666666666666666,1,1714.0,False,False,True,False,True,False,False
LP001978,1,0,1,0,4000.0,2500.0,140.0,360.0,1.0,1,6500.0,0.021538461538461538,0.3888888888888889,0,6500.0,True,False,False,True,False,False,False
LP001990,1,0,0,0,2000.0,0.0,128.0,360.0,1.0,0,2000.0,0.064,0.35555555555555557,0,2000.0,False,False,True,True,False,False,False
LP001993,0,0,1,0,3762.0,1666.0,135.0,360.0,1.0,1,5428.0,0.024871039056742816,0.375,0,5428.0,True,False,False,True,False,False,False
LP001994,0,0,1,0,2400.0,1863.0,104.0,360.0,0.0,0,4263.0,0.02439596528266479,0.28888888888888886,0,4263.0,False,False,True,True,False,False,False
LP001996,1,0,1,0,10223.5,0.0,262.5,360.0,1.0,0,10223.5,0.025676138308798356,0.7291666666666666,0,10223.5,True,False,False,True,False,False,False
LP001998,1,1,0,0,7667.0,0.0,185.0,360.0,1.0,1,7667.0,0.024129385678883526,0.5138888888888888,2,2555.6666666666665,True,False,False,False,False,True,False
LP002002,0,0,1,0,2917.0,0.0,84.0,360.0,1.0,1,2917.0,0.028796708947548853,0.23333333333333334,0,2917.0,False,True,False,True,False,False,False
LP002004,1,0,0,0,2927.0,2405.0,111.0,360.0,1.0,1,5332.0,0.020817704426106528,0.30833333333333335,0,5332.0,False,True,False,True,False,False,False
LP002006,0,0,1,0,2507.0,0.0,56.0,360.0,1.0,1,2507.0,0.022337455125648185,0.15555555555555556,0,2507.0,True,False,False,True,False,False,False
LP002008,1,1,1,1,5746.0,0.0,144.0,84.0,1.0,1,5746.0,0.025060911938739994,1.7142857142857142,2,1915.3333333333333,True,False,False,False,False,True,False
LP002031,1,1,0,0,3399.0,1640.0,111.0,180.0,1.0,1,5039.0,0.022028180194483032,0.6166666666666667,1,2519.5,False,False,True,False,True,False,False
LP002035,1,1,1,0,3717.0,0.0,120.0,360.0,1.0,1,3717.0,0.03228410008071025,0.3333333333333333,2,1239.0,False,True,False,False,False,True,False
LP002036,1,1,1,0,2058.0,2134.0,88.0,360.0,1.0,1,4192.0,0.02099236641221374,0.24444444444444444,0,4192.0,False,False,True,True,False,False,False
LP002043,0,0,1,0,3541.0,0.0,112.0,360.0,1.0,1,3541.0,0.031629483196837054,0.3111111111111111,1,1770.5,False,True,False,False,True,False,False
LP002050,1,1,1,1,10000.0,0.0,155.0,360.0,1.0,0,10000.0,0.0155,0.4305555555555556,1,5000.0,True,False,False,False,True,False,False
LP002051,1,1,1,0,2400.0,2167.0,115.0,360.0,1.0,1,4567.0,0.025180643748631486,0.3194444444444444,0,4567.0,False,True,False,True,False,False,False
LP002053,1,1,1,0,4342.0,189.0,124.0,360.0,1.0,1,4531.0,0.027367027146325315,0.34444444444444444,3,1132.75,False,True,False,False,False,False,True
LP002054,1,1,0,0,3601.0,1590.0,128.0,360.0,1.0,1,5191.0,0.024658062030437296,0.35555555555555557,2,1730.3333333333333,True,False,False,False,False,True,False
LP002055,0,0,1,0,3166.0,2985.0,132.0,360.0,1.0,1,6151.0,0.021459925215412127,0.36666666666666664,0,6151.0,True,False,False,True,False,False,False
LP002065,1,1,1,0,10223.5,0.0,262.5,360.0,1.0,1,10223.5,0.025676138308798356,0.7291666666666666,3,2555.875,True,False,False,False,False,False,True
LP002067,1,1,1,1,8666.0,4983.0,262.5,360.0,0.0,0,13649.0,0.019232178181551762,0.7291666666666666,1,6824.5,True,False,False,False,True,False,False
LP002068,1,0,1,0,4917.0,0.0,130.0,360.0,0.0,1,4917.0,0.026438885499288182,0.3611111111111111,0,4917.0,True,False,False,True,False,False,False
LP002082,1,1,1,1,5818.0,2160.0,184.0,360.0,1.0,1,7978.0,0.023063424417147156,0.5111111111111111,0,7978.0,False,True,False,True,False,False,False
LP002086,0,1,1,0,4333.0,2451.0,110.0,360.0,1.0,0,6784.0,0.016214622641509434,0.3055555555555556,0,6784.0,False,False,True,True,False,False,False
LP002087,0,0,1,0,2500.0,0.0,67.0,360.0,1.0,1,2500.0,0.0268,0.18611111111111112,0,2500.0,False,False,True,True,False,False,False
LP002097,1,0,1,0,4384.0,1793.0,117.0,360.0,1.0,1,6177.0,0.01894123360854784,0.325,1,3088.5,False,False,True,False,True,False,False
LP002098,1,0,1,0,2935.0,0.0,98.0,360.0,1.0,1,2935.0,0.03339011925042589,0.2722222222222222,0,2935.0,False,True,False,True,False,False,False
LP002101,1,1,1,0,10223.5,0.0,262.5,180.0,1.0,1,10223.5,0.025676138308798356,1.4583333333333333,0,10223.5,False,False,True,True,False,False,False
LP002110,1,1,1,0,5250.0,688.0,160.0,360.0,1.0,1,5938.0,0.02694509936005389,0.4444444444444444,1,2969.0,True,False,False,False,True,False,False
LP002112,1,1,1,1,2500.0,4600.0,176.0,360.0,1.0,1,7100.0,0.024788732394366197,0.4888888888888889,2,2366.6666666666665,True,False,False,False,False,True,False
LP002113,0,0,0,0,1830.0,0.0,128.0,360.0,0.0,0,1830.0,0.06994535519125683,0.35555555555555557,3,457.5,False,False,True,False,False,False,True
LP002114,0,0,1,0,4160.0,0.0,71.0,360.0,1.0,1,4160.0,0.01706730769230769,0.19722222222222222,0,4160.0,False,True,False,True,False,False,False
LP002115,1,1,0,0,2647.0,1587.0,173.0,360.0,1.0,0,4234.0,0.040859707132735006,0.48055555555555557,3,1058.5,True,False,False,False,False,False,True
LP002116,0,0,1,0,2378.0,0.0,46.0,360.0,1.0,0,2378.0,0.01934398654331371,0.12777777777777777,0,2378.0,True,False,False,True,False,False,False
LP002119,1,1,0,0,4554.0,1229.0,158.0,360.0,1.0,1,5783.0,0.027321459450112398,0.4388888888888889,1,2891.5,False,False,True,False,True,False,False
LP002126,1,1,0,0,3173.0,0.0,74.0,360.0,1.0,1,3173.0,0.023321777497636306,0.20555555555555555,3,793.25,False,True,False,False,False,False,True
LP002128,1,1,1,0,2583.0,2330.0,125.0,360.0,1.0,1,4913.0,0.0254427030327702,0.3472222222222222,2,1637.6666666666667,True,False,False,False,False,True,False
LP002129,1,1,1,0,2499.0,2458.0,160.0,360.0,1.0,1,4957.0,0.03227758725035303,0.4444444444444444,0,4957.0,False,True,False,True,False,False,False
LP002131,1,1,0,0,3083.0,2168.0,126.0,360.0,1.0,1,5251.0,0.023995429442011044,0.35,2,1750.3333333333333,False,False,True,False,False,True,False
LP002137,1,1,1,0,6333.0,4583.0,259.0,360.0,1.0,1,10916.0,0.02372663979479663,0.7194444444444444,0,10916.0,False,True,False,True,False,False,False
LP002138,1,1,1,0,2625.0,5755.0,187.0,360.0,1.0,1,8380.0,0.022315035799522674,0.5194444444444445,0,8380.0,True,False,False,True,False,False,False
LP002139,1,1,1,0,9083.0,0.0,228.0,360.0,1.0,1,9083.0,0.025101838599581636,0.6333333333333333,0,9083.0,False,True,False,True,False,False,False
LP002140,1,0,1,0,8750.0,4167.0,262.5,360.0,1.0,0,12917.0,0.02032205620500116,0.7291666666666666,0,12917.0,True,False,False,True,False,False,False
LP002141,1,1,1,0,2666.0,2083.0,95.0,360.0,1.0,1,4749.0,0.02000421141292904,0.2638888888888889,3,1187.25,True,False,False,False,False,False,True
LP002142,0,1,1,1,5500.0,0.0,105.0,360.0,0.0,0,5500.0,0.019090909090909092,0.2916666666666667,0,5500.0,True,False,False,True,False,False,False
LP002143,0,1,1,0,2423.0,505.0,130.0,360.0,1.0,1,2928.0,0.04439890710382514,0.3611111111111111,0,2928.0,False,True,False,True,False,False,False
LP002149,1,1,1,0,8333.0,3167.0,165.0,360.0,1.0,1,11500.0,0.014347826086956521,0.4583333333333333,2,3833.3333333333335,True,False,False,False,False,True,False
LP002151,1,1,1,0,3875.0,0.0,67.0,360.0,1.0,0,3875.0,0.01729032258064516,0.18611111111111112,1,1937.5,False,False,True,False,True,False,False
LP002158,1,1,0,0,3000.0,1666.0,100.0,480.0,0.0,0,4666.0,0.021431633090441493,0.20833333333333334,0,4666.0,False,False,True,True,False,False,False
LP002160,1,1,1,0,5167.0,3167.0,200.0,360.0,1.0,1,8334.0,0.023998080153587713,0.5555555555555556,3,2083.5,False,True,False,False,False,False,True
LP002161,0,0,1,0,4723.0,0.0,81.0,360.0,1.0,0,4723.0,0.017150116451408005,0.225,1,2361.5,False,True,False,False,True,False,False
LP002170,1,1,1,0,5000.0,3667.0,236.0,360.0,1.0,1,8667.0,0.027229721933771777,0.6555555555555556,2,2889.0,False,True,False,False,False,True,False
LP002175,1,1,1,0,4750.0,2333.0,130.0,360.0,1.0,1,7083.0,0.01835380488493576,0.3611111111111111,0,7083.0,False,False,True,True,False,False,False
LP002178,1,1,1,0,3013.0,3033.0,95.0,300.0,1.0,1,6046.0,0.0157128680119087,0.31666666666666665,0,6046.0,False,False,True,True,False,False,False
LP002180,1,0,1,1,6822.0,0.0,141.0,360.0,1.0,1,6822.0,0.020668425681618294,0.39166666666666666,0,6822.0,True,False,False,True,False,False,False
LP002181,1,0,0,0,6216.0,0.0,133.0,360.0,1.0,0,6216.0,0.021396396396396396,0.36944444444444446,0,6216.0,True,False,False,True,False,False,False
LP002187,1,0,1,0,2500.0,0.0,96.0,480.0,1.0,0,2500.0,0.0384,0.2,0,2500.0,False,True,False,True,False,False,False
LP002190,1,1,1,0,6325.0,0.0,175.0,360.0,1.0,1,6325.0,0.02766798418972332,0.4861111111111111,1,3162.5,False,True,False,False,True,False,False
LP002191,1,1,1,0,10223.5,5266.0,262.5,360.0,1.0,0,15489.5,0.016946964072436167,0.7291666666666666,0,15489.5,True,False,False,True,False,False,False
LP002194,0,0,1,1,10223.5,0.0,55.0,360.0,1.0,1,10223.5,0.005379762312319656,0.1527777777777778,0,10223.5,False,True,False,True,False,False,False
LP002197,1,1,1,0,5185.0,0.0,155.0,360.0,1.0,1,5185.0,0.029893924783027964,0.4305555555555556,2,1728.3333333333333,False,True,False,False,False,True,False
LP002201,1,1,1,1,9323.0,5755.0,262.5,300.0,1.0,1,15078.0,0.017409470752089137,0.875,2,5026.0,True,False,False,False,False,True,False
LP002205,1,0,1,0,3062.0,1987.0,111.0,180.0,0.0,0,5049.0,0.021984551396316103,0.6166666666666667,1,2524.5,False,False,True,False,True,False,False
LP002209,0,0,1,0,2764.0,1459.0,110.0,360.0,1.0,1,4223.0,0.02604783329386692,0.3055555555555556,0,4223.0,False,False,True,True,False,False,False
LP002211,1,1,1,0,4817.0,923.0,120.0,180.0,1.0,1,5740.0,0.020905923344947737,0.6666666666666666,0,5740.0,False,False,True,True,False,False,False
LP002219,1,1,1,0,8750.0,4996.0,130.0,360.0,1.0,1,13746.0,0.009457296668121635,0.3611111111111111,3,3436.5,True,False,False,False,False,False,True
LP002223,1,1,1,0,4310.0,0.0,130.0,360.0,1.0,1,4310.0,0.030162412993039442,0.3611111111111111,0,4310.0,False,True,False,True,False,False,False
LP002224,1,0,1,0,3069.0,0.0,71.0,480.0,1.0,0,3069.0,0.023134571521668295,0.14791666666666667,0,3069.0,False,False,True,True,False,False,False
LP002225,1,1,1,0,5391.0,0.0,130.0,360.0,1.0,1,5391.0,0.024114264514932295,0.3611111111111111,2,1797.0,False,False,True,False,False,True,False
LP002226,1,1,1,0,3333.0,2500.0,128.0,360.0,1.0,1,5833.0,0.021944111092062405,0.35555555555555557,0,5833.0,False,True,False,True,False,False,False
LP002229,1,0,1,0,5941.0,4232.0,262.5,360.0,1.0,1,10173.0,0.025803597758773222,0.7291666666666666,0,10173.0,False,True,False,True,False,False,False
LP002231,0,0,1,0,6000.0,0.0,156.0,360.0,1.0,1,6000.0,0.026,0.43333333333333335,0,6000.0,False,False,True,True,False,False,False
LP002234,1,0,1,1,7167.0,0.0,128.0,360.0,1.0,1,7167.0,0.017859634435607646,0.35555555555555557,0,7167.0,False,False,True,True,False,False,False
LP002236,1,1,1,0,4566.0,0.0,100.0,360.0,1.0,0,4566.0,0.021901007446342532,0.2777777777777778,2,1522.0,False,False,True,False,False,True,False
LP002237,1,0,1,0,3667.0,0.0,113.0,180.0,1.0,1,3667.0,0.030815380419961822,0.6277777777777778,1,1833.5,False,False,True,False,True,False,False
LP002239,1,0,0,0,2346.0,1600.0,132.0,360.0,1.0,1,3946.0,0.03345159655347187,0.36666666666666664,0,3946.0,False,True,False,True,False,False,False
LP002243,1,1,0,0,3010.0,3136.0,128.0,360.0,0.0,0,6146.0,0.02082655385616661,0.35555555555555557,0,6146.0,False,False,True,True,False,False,False
LP002244,1,1,1,0,2333.0,2417.0,136.0,360.0,1.0,1,4750.0,0.02863157894736842,0.37777777777777777,0,4750.0,False,False,True,True,False,False,False
LP002250,1,1,1,0,5488.0,0.0,125.0,360.0,1.0,1,5488.0,0.022776967930029153,0.3472222222222222,0,5488.0,True,False,False,True,False,False,False
LP002255,1,0,1,0,9167.0,0.0,185.0,360.0,1.0,1,9167.0,0.020181084324206393,0.5138888888888888,3,2291.75,True,False,False,False,False,False,True
LP002262,1,1,1,0,9504.0,0.0,262.5,360.0,1.0,1,9504.0,0.027619949494949496,0.7291666666666666,3,2376.0,True,False,False,False,False,False,True
LP002263,1,1,1,0,2583.0,2115.0,120.0,360.0,1.0,1,4698.0,0.02554278416347382,0.3333333333333333,0,4698.0,False,False,True,True,False,False,False
LP002265,1,1,0,0,1993.0,1625.0,113.0,180.0,1.0,1,3618.0,0.03123272526257601,0.6277777777777778,2,1206.0,False,True,False,False,False,True,False
LP002266,1,1,1,0,3100.0,1400.0,113.0,360.0,1.0,1,4500.0,0.025111111111111112,0.3138888888888889,2,1500.0,False,False,True,False,False,True,False
LP002272,1,1,1,0,3276.0,484.0,135.0,360.0,1.0,1,3760.0,0.03590425531914894,0.375,2,1253.3333333333333,False,True,False,False,False,True,False
LP002277,0,0,1,0,3180.0,0.0,71.0,360.0,0.0,0,3180.0,0.02232704402515723,0.19722222222222222,0,3180.0,False,False,True,True,False,False,False
LP002281,1,1,1,0,3033.0,1459.0,95.0,360.0,1.0,1,4492.0,0.021148708815672306,0.2638888888888889,0,4492.0,False,False,True,True,False,False,False
LP002284,1,0,0,0,3902.0,1666.0,109.0,360.0,1.0,1,5568.0,0.019576149425287355,0.30277777777777776,0,5568.0,True,False,False,True,False,False,False
LP002287,0,0,1,0,1500.0,1800.0,103.0,360.0,0.0,0,3300.0,0.031212121212121212,0.2861111111111111,0,3300.0,False,True,False,True,False,False,False
LP002288,1,1,0,0,2889.0,0.0,45.0,180.0,0.0,0,2889.0,0.01557632398753894,0.25,2,963.0,False,False,True,False,False,True,False
LP002296,1,0,0,0,2755.0,0.0,65.0,300.0,1.0,0,2755.0,0.023593466424682397,0.21666666666666667,0,2755.0,True,False,False,True,False,False,False
LP002297,1,0,1,0,2500.0,5755.0,103.0,360.0,1.0,1,8255.0,0.012477286493034525,0.2861111111111111,0,8255.0,False,True,False,True,False,False,False
LP002300,0,0,0,0,1963.0,0.0,53.0,360.0,1.0,1,1963.0,0.026999490575649515,0.14722222222222223,0,1963.0,False,True,False,True,False,False,False
LP002301,0,0,1,1,7441.0,0.0,194.0,360.0,1.0,0,7441.0,0.026071764547775836,0.5388888888888889,0,7441.0,True,False,False,True,False,False,False
LP002305,0,0,1,0,4547.0,0.0,115.0,360.0,1.0,1,4547.0,0.025291400923685946,0.3194444444444444,0,4547.0,False,True,False,True,False,False,False
LP002308,1,1,0,0,2167.0,2400.0,115.0,360.0,1.0,1,4567.0,0.025180643748631486,0.3194444444444444,0,4567.0,False,False,True,True,False,False,False
LP002314,0,0,0,0,2213.0,0.0,66.0,360.0,1.0,1,2213.0,0.0298237686398554,0.18333333333333332,0,2213.0,True,False,False,True,False,False,False
LP002315,1,1,1,0,8300.0,0.0,152.0,300.0,0.0,0,8300.0,0.018313253012048194,0.5066666666666667,1,4150.0,False,True,False,False,True,False,False
LP002317,1,1,1,0,10223.5,0.0,262.5,360.0,0.0,0,10223.5,0.025676138308798356,0.7291666666666666,3,2555.875,True,False,False,False,False,False,True
LP002318,0,0,0,1,3867.0,0.0,62.0,360.0,1.0,0,3867.0,0.016033100594776313,0.17222222222222222,1,1933.5,False,True,False,False,True,False,False
LP002319,1,1,1,0,6256.0,0.0,160.0,360.0,1.0,1,6256.0,0.02557544757033248,0.4444444444444444,0,6256.0,False,False,True,True,False,False,False
LP002328,1,1,0,0,6096.0,0.0,218.0,360.0,0.0,0,6096.0,0.035761154855643046,0.6055555555555555,0,6096.0,True,False,False,True,False,False,False
LP002332,1,1,0,0,2253.0,2033.0,110.0,360.0,1.0,1,4286.0,0.025664955669622024,0.3055555555555556,0,4286.0,True,False,False,True,False,False,False
LP002335,0,1,0,0,2149.0,3237.0,178.0,360.0,0.0,0,5386.0,0.03304864463423691,0.49444444444444446,0,5386.0,False,True,False,True,False,False,False
LP002337,0,0,1,0,2995.0,0.0,60.0,360.0,1.0,1,2995.0,0.02003338898163606,0.16666666666666666,0,2995.0,False,False,True,True,False,False,False
LP002341,0,0,1,0,2600.0,0.0,160.0,360.0,1.0,0,2600.0,0.06153846153846154,0.4444444444444444,1,1300.0,False,False,True,False,True,False,False
LP002342,1,1,1,1,1600.0,5755.0,239.0,360.0,1.0,0,7355.0,0.032494901427600274,0.6638888888888889,2,2451.6666666666665,False,False,True,False,False,True,False
LP002345,1,1,1,0,1025.0,2773.0,112.0,360.0,1.0,1,3798.0,0.02948920484465508,0.3111111111111111,0,3798.0,True,False,False,True,False,False,False
LP002347,1,1,1,0,3246.0,1417.0,138.0,360.0,1.0,1,4663.0,0.029594681535492173,0.38333333333333336,0,4663.0,False,True,False,True,False,False,False
LP002348,1,1,1,0,5829.0,0.0,138.0,360.0,1.0,1,5829.0,0.023674729799279464,0.38333333333333336,0,5829.0,True,False,False,True,False,False,False
LP002361,1,1,1,0,1820.0,1719.0,100.0,360.0,1.0,1,3539.0,0.028256569652444195,0.2777777777777778,0,3539.0,False,False,True,True,False,False,False
LP002364,1,1,1,0,10223.5,0.0,96.0,360.0,1.0,1,10223.5,0.0093901305815034,0.26666666666666666,0,10223.5,False,True,False,True,False,False,False
LP002366,1,1,1,0,2666.0,4300.0,121.0,360.0,1.0,1,6966.0,0.01737008326155613,0.33611111111111114,0,6966.0,True,False,False,True,False,False,False
LP002367,0,0,0,0,4606.0,0.0,81.0,360.0,1.0,0,4606.0,0.017585757707338254,0.225,1,2303.0,True,False,False,False,True,False,False
LP002368,1,1,1,0,5935.0,0.0,133.0,360.0,1.0,1,5935.0,0.02240943555181129,0.36944444444444446,2,1978.3333333333333,False,True,False,False,False,True,False
LP002369,1,1,1,0,2920.0,16.12000084,87.0,360.0,1.0,1,2936.12000084,0.029630941506174818,0.24166666666666667,0,2936.12000084,True,False,False,True,False,False,False
LP002370,1,0,0,0,2717.0,0.0,60.0,180.0,1.0,1,2717.0,0.02208317997791682,0.3333333333333333,0,2717.0,False,False,True,True,False,False,False
LP002377,0,0,1,1,8624.0,0.0,150.0,360.0,1.0,1,8624.0,0.017393320964749538,0.4166666666666667,1,4312.0,False,True,False,False,True,False,False
LP002379,1,0,1,0,6500.0,0.0,105.0,360.0,0.0,0,6500.0,0.016153846153846154,0.2916666666666667,0,6500.0,True,False,False,True,False,False,False
LP002386,1,0,1,0,10223.5,0.0,262.5,360.0,1.0,1,10223.5,0.025676138308798356,0.7291666666666666,0,10223.5,False,True,False,True,False,False,False
LP002387,1,1,1,0,2425.0,2340.0,143.0,360.0,1.0,1,4765.0,0.030010493179433367,0.3972222222222222,0,4765.0,False,True,False,True,False,False,False
LP002390,1,0,1,0,3750.0,0.0,100.0,360.0,1.0,1,3750.0,0.02666666666666667,0.2777777777777778,0,3750.0,False,False,True,True,False,False,False
LP002398,1,0,1,0,1926.0,1851.0,50.0,360.0,1.0,1,3777.0,0.013238019592268996,0.1388888888888889,0,3777.0,False,True,False,True,False,False,False
LP002401,1,1,1,0,2213.0,1125.0,128.0,360.0,1.0,1,3338.0,0.03834631515877771,0.35555555555555557,0,3338.0,False,False,True,True,False,False,False
LP002403,1,0,1,1,10223.5,0.0,187.0,360.0,0.0,0,10223.5,0.01829119186188683,0.5194444444444445,0,10223.5,False,False,True,True,False,False,False
LP002407,0,1,0,1,7142.0,0.0,138.0,360.0,1.0,1,7142.0,0.019322318678241388,0.38333333333333336,0,7142.0,True,False,False,True,False,False,False
LP002408,1,0,1,0,3660.0,5064.0,187.0,360.0,1.0,1,8724.0,0.021435121503897293,0.5194444444444445,0,8724.0,False,True,False,True,False,False,False
LP002409,1,1,1,0,7901.0,1833.0,180.0,360.0,1.0,1,9734.0,0.018491884117526197,0.5,0,9734.0,True,False,False,True,False,False,False
LP002418,1,0,0,0,4707.0,1993.0,148.0,360.0,1.0,1,6700.0,0.02208955223880597,0.4111111111111111,3,1675.0,False,True,False,False,False,False,True
LP002422,1,0,1,0,10223.5,0.0,152.0,360.0,1.0,1,10223.5,0.014867706754047048,0.4222222222222222,1,5111.75,False,True,False,False,True,False,False
LP002424,1,1,1,0,7333.0,5755.0,175.0,300.0,1.0,1,13088.0,0.013371026894865525,0.5833333333333334,0,13088.0,True,False,False,True,False,False,False
LP002429,1,1,1,1,3466.0,1210.0,130.0,360.0,1.0,1,4676.0,0.027801539777587682,0.3611111111111111,1,2338.0,True,False,False,False,True,False,False
LP002434,1,1,0,0,4652.0,0.0,110.0,360.0,1.0,1,4652.0,0.023645743766122097,0.3055555555555556,2,1550.6666666666667,True,False,False,False,False,True,False
LP002435,1,1,1,0,3539.0,1376.0,55.0,360.0,1.0,0,4915.0,0.011190233977619531,0.1527777777777778,0,4915.0,True,False,False,True,False,False,False
LP002443,1,1,1,0,3340.0,1710.0,150.0,360.0,0.0,0,5050.0,0.0297029702970297,0.4166666666666667,2,1683.3333333333333,True,False,False,False,False,True,False
LP002444,1,0,0,1,2769.0,1542.0,190.0,360.0,1.0,0,4311.0,0.04407330085826954,0.5277777777777778,1,2155.5,False,True,False,False,True,False,False
LP002446,1,1,0,0,2309.0,1255.0,125.0,360.0,0.0,0,3564.0,0.035072951739618406,0.3472222222222222,2,1188.0,True,False,False,False,False,True,False
LP002447,1,1,0,0,1958.0,1456.0,60.0,300.0,1.0,1,3414.0,0.01757469244288225,0.2,2,1138.0,False,False,True,False,False,True,False
LP002448,1,1,1,0,3948.0,1733.0,149.0,360.0,0.0,0,5681.0,0.02622777679985918,0.41388888888888886,0,5681.0,True,False,False,True,False,False,False
LP002449,1,1,1,0,2483.0,2466.0,90.0,180.0,0.0,1,4949.0,0.018185492018589614,0.5,0,4949.0,True,False,False,True,False,False,False
LP002453,1,0,1,1,7085.0,0.0,84.0,360.0,1.0,1,7085.0,0.011856033874382499,0.23333333333333334,0,7085.0,False,True,False,True,False,False,False
LP002455,1,1,1,0,3859.0,0.0,96.0,360.0,1.0,1,3859.0,0.024876911116869654,0.26666666666666666,2,1286.3333333333333,False,True,False,False,False,True,False
LP002459,1,1,1,0,4301.0,0.0,118.0,360.0,1.0,1,4301.0,0.027435480120902116,0.3277777777777778,0,4301.0,False,False,True,True,False,False,False
LP002467,1,1,1,0,3708.0,2569.0,173.0,360.0,1.0,0,6277.0,0.027560936753226063,0.48055555555555557,0,6277.0,False,False,True,True,False,False,False
LP002472,1,0,1,0,4354.0,0.0,136.0,360.0,1.0,1,4354.0,0.03123564538355535,0.37777777777777777,2,1451.3333333333333,True,False,False,False,False,True,False
LP002473,1,1,1,0,8334.0,0.0,160.0,360.0,1.0,0,8334.0,0.01919846412287017,0.4444444444444444,0,8334.0,False,True,False,True,False,False,False
LP002484,1,1,1,0,7740.0,0.0,128.0,180.0,1.0,1,7740.0,0.016537467700258397,0.7111111111111111,3,1935.0,False,False,True,False,False,False,True
LP002487,1,1,1,0,3015.0,2188.0,153.0,360.0,1.0,1,5203.0,0.02940611185854315,0.425,0,5203.0,True,False,False,True,False,False,False
LP002489,0,0,0,0,5191.0,0.0,132.0,360.0,1.0,1,5191.0,0.025428626468888462,0.36666666666666664,1,2595.5,False,True,False,False,True,False,False
LP002493,1,0,1,0,4166.0,0.0,98.0,360.0,0.0,0,4166.0,0.023523763802208355,0.2722222222222222,0,4166.0,False,True,False,True,False,False,False
LP002494,1,0,1,0,6000.0,0.0,140.0,360.0,1.0,1,6000.0,0.023333333333333334,0.3888888888888889,0,6000.0,True,False,False,True,False,False,False
LP002500,1,1,0,0,2947.0,1664.0,70.0,180.0,0.0,0,4611.0,0.015181088700932552,0.3888888888888889,3,1152.75,False,False,True,False,False,False,True
LP002502,0,1,0,0,210.0,2917.0,98.0,360.0,1.0,1,3127.0,0.03133994243684042,0.2722222222222222,2,1042.3333333333333,False,True,False,False,False,True,False
LP002505,1,1,1,0,4333.0,2451.0,110.0,360.0,1.0,0,6784.0,0.016214622641509434,0.3055555555555556,0,6784.0,False,False,True,True,False,False,False
LP002515,1,1,1,1,3450.0,2079.0,162.0,360.0,1.0,1,5529.0,0.02930005425935974,0.45,1,2764.5,False,True,False,False,True,False,False
LP002517,1,1,0,0,2653.0,1500.0,113.0,180.0,0.0,0,4153.0,0.027209246327955693,0.6277777777777778,1,2076.5,True,False,False,False,True,False,False
LP002519,1,1,1,0,4691.0,0.0,100.0,360.0,1.0,1,4691.0,0.021317416329140908,0.2777777777777778,3,1172.75,False,True,False,False,False,False,True
LP002522,0,0,1,1,2500.0,0.0,93.0,360.0,1.0,1,2500.0,0.0372,0.25833333333333336,0,2500.0,False,False,True,True,False,False,False
LP002524,1,0,1,0,5532.0,4648.0,162.0,360.0,1.0,1,10180.0,0.015913555992141455,0.45,2,3393.3333333333335,True,False,False,False,False,True,False
LP002527,1,1,1,1,10223.5,1014.0,150.0,360.0,1.0,1,11237.5,0.013348164627363738,0.4166666666666667,2,3745.8333333333335,True,False,False,False,False,True,False
LP002529,1,1,1,0,6700.0,1750.0,230.0,300.0,1.0,1,8450.0,0.027218934911242602,0.7666666666666667,2,2816.6666666666665,False,True,False,False,False,True,False
LP002531,1,1,1,1,10223.5,2250.0,86.0,360.0,1.0,1,12473.5,0.006894616587164789,0.2388888888888889,1,6236.75,False,True,False,False,True,False,False
LP002533,1,1,1,0,2947.0,1603.0,128.0,360.0,1.0,0,4550.0,0.028131868131868132,0.35555555555555557,2,1516.6666666666667,False,False,True,False,False,True,False
LP002534,0,0,0,0,4350.0,0.0,154.0,360.0,1.0,1,4350.0,0.035402298850574714,0.42777777777777776,0,4350.0,True,False,False,True,False,False,False
LP002536,1,1,0,0,3095.0,0.0,113.0,360.0,1.0,1,3095.0,0.03651050080775444,0.3138888888888889,3,773.75,True,False,False,False,False,False,True
LP002537,1,1,1,0,2083.0,3150.0,128.0,360.0,1.0,1,5233.0,0.024460156697878845,0.35555555555555557,0,5233.0,False,True,False,True,False,False,False
LP002541,1,1,1,0,10223.5,0.0,234.0,360.0,1.0,1,10223.5,0.022888443292414535,0.65,0,10223.5,False,True,False,True,False,False,False
LP002543,1,1,1,0,8333.0,0.0,246.0,360.0,1.0,1,8333.0,0.029521180847233888,0.6833333333333333,2,2777.6666666666665,False,True,False,False,False,True,False
LP002544,1,1,0,0,1958.0,2436.0,131.0,360.0,1.0,1,4394.0,0.029813381884387802,0.3638888888888889,1,2197.0,True,False,False,False,True,False,False
LP002545,1,0,1,0,3547.0,0.0,80.0,360.0,0.0,0,3547.0,0.02255427121511136,0.2222222222222222,2,1182.3333333333333,True,False,False,False,False,True,False
LP002547,1,1,1,0,10223.5,0.0,262.5,360.0,1.0,0,10223.5,0.025676138308798356,0.7291666666666666,1,5111.75,False,False,True,False,True,False,False
LP002555,1,1,1,1,4583.0,2083.0,160.0,360.0,1.0,1,6666.0,0.024002400240024,0.4444444444444444,2,2222.0,False,True,False,False,False,True,False
LP002556,1,0,1,0,2435.0,0.0,75.0,360.0,1.0,0,2435.0,0.030800821355236138,0.20833333333333334,0,2435.0,False,False,True,True,False,False,False
LP002560,1,0,0,0,2699.0,2785.0,96.0,360.0,1.0,1,5484.0,0.0175054704595186,0.26666666666666666,0,5484.0,False,True,False,True,False,False,False
LP002562,1,1,0,0,5333.0,1131.0,186.0,360.0,1.0,1,6464.0,0.028774752475247526,0.5166666666666667,1,3232.0,False,False,True,False,True,False,False
LP002571,1,0,0,0,3691.0,0.0,110.0,360.0,1.0,1,3691.0,0.029802221620157138,0.3055555555555556,0,3691.0,True,False,False,True,False,False,False
LP002582,0,0,0,1,10223.5,0.0,225.0,360.0,1.0,1,10223.5,0.02200811855039859,0.625,0,10223.5,False,True,False,True,False,False,False
LP002585,1,1,1,0,3597.0,2157.0,119.0,360.0,0.0,0,5754.0,0.02068126520681265,0.33055555555555555,0,5754.0,True,False,False,True,False,False,False
LP002586,0,1,1,0,3326.0,913.0,105.0,84.0,1.0,1,4239.0,0.024769992922859165,1.25,1,2119.5,False,True,False,False,True,False,False
LP002587,1,1,0,0,2600.0,1700.0,107.0,360.0,1.0,1,4300.0,0.02488372093023256,0.2972222222222222,0,4300.0,True,False,False,True,False,False,False
LP002588,1,1,1,0,4625.0,2857.0,111.0,12.0,1.0,1,7482.0,0.01483560545308741,9.25,0,7482.0,False,False,True,True,False,False,False
LP002600,1,1,1,1,2895.0,0.0,95.0,360.0,1.0,1,2895.0,0.03281519861830743,0.2638888888888889,1,1447.5,False,True,False,False,True,False,False
LP002602,1,0,1,0,6283.0,4416.0,209.0,360.0,0.0,0,10699.0,0.019534535937938125,0.5805555555555556,0,10699.0,True,False,False,True,False,False,False
LP002603,0,0,1,0,645.0,3683.0,113.0,480.0,1.0,1,4328.0,0.0261090573012939,0.23541666666666666,0,4328.0,True,False,False,True,False,False,False
LP002606,0,0,1,0,3159.0,0.0,100.0,360.0,1.0,1,3159.0,0.03165558721114277,0.2777777777777778,0,3159.0,False,True,False,True,False,False,False
LP002615,1,1,1,0,4865.0,5624.0,208.0,360.0,1.0,1,10489.0,0.01983029840785585,0.5777777777777777,2,3496.3333333333335,False,True,False,False,False,True,False
LP002618,1,1,0,0,4050.0,5302.0,138.0,360.0,1.0,0,9352.0,0.014756201881950384,0.38333333333333336,1,4676.0,True,False,False,False,True,False,False
LP002619,1,1,0,0,3814.0,1483.0,124.0,300.0,1.0,1,5297.0,0.0234094770624882,0.41333333333333333,0,5297.0,False,True,False,True,False,False,False
LP002622,1,1,1,0,3510.0,4416.0,243.0,360.0,1.0,1,7926.0,0.030658591975775928,0.675,2,2642.0,True,False,False,False,False,True,False
LP002624,1,1,1,0,10223.5,5755.0,262.5,360.0,1.0,1,15978.5,0.016428325562474574,0.7291666666666666,0,15978.5,False,False,True,True,False,False,False
LP002626,1,1,1,1,2479.0,3013.0,188.0,360.0,1.0,1,5492.0,0.03423160961398398,0.5222222222222223,0,5492.0,False,False,True,True,False,False,False
LP002634,0,0,1,0,10223.5,0.0,40.0,360.0,1.0,1,10223.5,0.003912554408959749,0.1111111111111111,1,5111.75,False,False,True,False,True,False,False
LP002637,1,0,0,0,3598.0,1287.0,100.0,360.0,1.0,0,4885.0,0.02047082906857728,0.2777777777777778,0,4885.0,True,False,False,True,False,False,False
LP002640,1,1,1,0,6065.0,2004.0,250.0,360.0,1.0,1,8069.0,0.030982773577890692,0.6944444444444444,1,4034.5,False,True,False,False,True,False,False
LP002643,1,1,1,0,3283.0,2035.0,148.0,360.0,1.0,1,5318.0,0.027830011282437006,0.4111111111111111,2,1772.6666666666667,False,False,True,False,False,True,False
LP002648,1,1,1,0,2130.0,5755.0,70.0,180.0,1.0,0,7885.0,0.008877615726062143,0.3888888888888889,0,7885.0,False,True,False,True,False,False,False
LP002652,1,0,1,0,5815.0,3666.0,262.5,360.0,1.0,0,9481.0,0.02768695285307457,0.7291666666666666,0,9481.0,True,False,False,True,False,False,False
LP002659,1,1,1,0,3466.0,3428.0,150.0,360.0,1.0,1,6894.0,0.02175805047867711,0.4166666666666667,3,1723.5,True,False,False,False,False,False,True
LP002670,0,1,1,0,2031.0,1632.0,113.0,480.0,1.0,1,3663.0,0.03084903084903085,0.23541666666666666,2,1221.0,False,True,False,False,False,True,False
LP002683,1,0,1,0,4683.0,1915.0,185.0,360.0,1.0,0,6598.0,0.02803879963625341,0.5138888888888888,0,6598.0,False,True,False,True,False,False,False
LP002684,0,0,0,0,3400.0,0.0,95.0,360.0,1.0,0,3400.0,0.027941176470588237,0.2638888888888889,0,3400.0,True,False,False,True,False,False,False
LP002689,1,1,0,0,2192.0,1742.0,45.0,360.0,1.0,1,3934.0,0.011438739196746314,0.125,2,1311.3333333333333,False,True,False,False,False,True,False
LP002690,1,0,1,0,2500.0,0.0,55.0,360.0,1.0,1,2500.0,0.022,0.1527777777777778,0,2500.0,False,True,False,True,False,False,False
LP002692,1,1,1,1,5677.0,1424.0,100.0,360.0,1.0,1,7101.0,0.01408252358822701,0.2777777777777778,3,1775.25,True,False,False,False,False,False,True
LP002693,1,1,1,1,7948.0,5755.0,262.5,360.0,1.0,1,13703.0,0.019156389111873312,0.7291666666666666,2,4567.666666666667,True,False,False,False,False,True,False
LP002697,1,0,1,0,4680.0,2087.0,128.0,360.0,1.0,0,6767.0,0.01891532436825772,0.35555555555555557,0,6767.0,False,True,False,True,False,False,False
LP002699,1,1,1,1,10223.5,0.0,262.5,360.0,1.0,1,10223.5,0.025676138308798356,0.7291666666666666,2,3407.8333333333335,True,False,False,False,False,True,False
LP002705,1,1,1,0,3775.0,0.0,110.0,360.0,1.0,1,3775.0,0.02913907284768212,0.3055555555555556,0,3775.0,False,True,False,True,False,False,False
LP002706,1,1,0,0,5285.0,1430.0,161.0,360.0,0.0,1,6715.0,0.023976172747580043,0.44722222222222224,1,3357.5,False,True,False,False,True,False,False
LP002714,1,0,0,0,2679.0,1302.0,94.0,360.0,1.0,1,3981.0,0.02361215774930922,0.2611111111111111,1,1990.5,False,True,False,False,True,False,False
LP002716,1,0,0,0,6783.0,0.0,130.0,360.0,1.0,1,6783.0,0.019165560961226596,0.3611111111111111,0,6783.0,False,True,False,True,False,False,False
LP002717,1,1,1,0,1025.0,5500.0,216.0,360.0,1.0,1,6525.0,0.03310344827586207,0.6,0,6525.0,True,False,False,True,False,False,False
LP002720,1,1,1,0,4281.0,0.0,100.0,360.0,1.0,1,4281.0,0.023359028264424198,0.2777777777777778,3,1070.25,False,False,True,False,False,False,True
LP002723,1,0,1,0,3588.0,0.0,110.0,360.0,0.0,0,3588.0,0.030657748049052396,0.3055555555555556,2,1196.0,True,False,False,False,False,True,False
LP002729,1,0,1,0,10223.5,0.0,196.0,360.0,1.0,0,10223.5,0.019171516603902775,0.5444444444444444,1,5111.75,False,True,False,False,True,False,False
LP002731,0,0,0,1,10223.5,0.0,125.0,360.0,1.0,1,10223.5,0.012226732527999218,0.3472222222222222,0,10223.5,False,False,True,True,False,False,False
LP002732,1,0,0,0,2550.0,2042.0,126.0,360.0,1.0,1,4592.0,0.027439024390243903,0.35,0,4592.0,True,False,False,True,False,False,False
LP002734,1,1,1,0,6133.0,3906.0,262.5,360.0,1.0,1,10039.0,0.02614802271142544,0.7291666666666666,0,10039.0,False,False,True,True,False,False,False
LP002738,1,0,1,0,3617.0,0.0,107.0,360.0,1.0,1,3617.0,0.029582526956040918,0.2972222222222222,2,1205.6666666666667,False,True,False,False,False,True,False
LP002739,1,1,0,0,2917.0,536.0,66.0,360.0,1.0,0,3453.0,0.019113814074717638,0.18333333333333332,0,3453.0,True,False,False,True,False,False,False
LP002740,1,1,1,0,6417.0,0.0,157.0,180.0,1.0,1,6417.0,0.02446626149290946,0.8722222222222222,3,1604.25,True,False,False,False,False,False,True
LP002741,0,1,1,0,4608.0,2845.0,140.0,180.0,1.0,1,7453.0,0.018784382128002146,0.7777777777777778,1,3726.5,False,True,False,False,True,False,False
LP002743,0,0,1,0,2138.0,0.0,99.0,360.0,0.0,0,2138.0,0.04630495790458372,0.275,0,2138.0,False,True,False,True,False,False,False
LP002753,0,0,1,0,3652.0,0.0,95.0,360.0,1.0,1,3652.0,0.026013143483023003,0.2638888888888889,1,1826.0,False,True,False,False,True,False,False
LP002755,1,1,0,0,2239.0,2524.0,128.0,360.0,1.0,1,4763.0,0.026873819021625025,0.35555555555555557,1,2381.5,False,False,True,False,True,False,False
LP002757,0,1,0,0,3017.0,663.0,102.0,360.0,1.0,1,3680.0,0.027717391304347826,0.2833333333333333,0,3680.0,False,True,False,True,False,False,False
LP002767,1,1,1,0,2768.0,1950.0,155.0,360.0,1.0,1,4718.0,0.03285290377278508,0.4305555555555556,0,4718.0,True,False,False,True,False,False,False
LP002768,1,0,0,0,3358.0,0.0,80.0,36.0,1.0,0,3358.0,0.023823704586063133,2.2222222222222223,0,3358.0,False,True,False,True,False,False,False
LP002772,1,0,1,0,2526.0,1783.0,145.0,360.0,1.0,1,4309.0,0.03365049895567417,0.4027777777777778,0,4309.0,True,False,False,True,False,False,False
LP002776,0,0,1,0,5000.0,0.0,103.0,360.0,0.0,0,5000.0,0.0206,0.2861111111111111,0,5000.0,False,True,False,True,False,False,False
LP002777,1,1,1,0,2785.0,2016.0,110.0,360.0,1.0,1,4801.0,0.022911893355550928,0.3055555555555556,0,4801.0,True,False,False,True,False,False,False
LP002778,1,1,1,1,6633.0,0.0,128.0,360.0,0.0,0,6633.0,0.019297452133273028,0.35555555555555557,2,2211.0,True,False,False,False,False,True,False
LP002784,1,1,0,0,2492.0,2375.0,128.0,360.0,1.0,1,4867.0,0.026299568522703924,0.35555555555555557,1,2433.5,True,False,False,False,True,False,False
LP002785,1,1,1,0,3333.0,3250.0,158.0,360.0,1.0,1,6583.0,0.024001215251405136,0.4388888888888889,1,3291.5,False,False,True,False,True,False,False
LP002788,1,1,0,0,2454.0,2333.0,181.0,360.0,0.0,0,4787.0,0.03781073741382912,0.5027777777777778,0,4787.0,False,False,True,True,False,False,False
LP002789,1,1,1,0,3593.0,4266.0,132.0,180.0,0.0,0,7859.0,0.01679603002926581,0.7333333333333333,0,7859.0,True,False,False,True,False,False,False
LP002792,1,1,1,0,5468.0,1032.0,26.0,360.0,1.0,1,6500.0,0.004,0.07222222222222222,1,3250.0,False,True,False,False,True,False,False
LP002794,0,0,1,0,2667.0,1625.0,84.0,360.0,1.0,1,4292.0,0.0195712954333644,0.23333333333333334,0,4292.0,False,False,True,True,False,False,False
LP002795,1,1,1,1,10139.0,0.0,260.0,360.0,1.0,1,10139.0,0.025643554591182564,0.7222222222222222,3,2534.75,False,True,False,False,False,False,True
LP002798,1,1,1,0,3887.0,2669.0,162.0,360.0,1.0,1,6556.0,0.02471018913971934,0.45,0,6556.0,False,True,False,True,False,False,False
LP002804,0,1,1,0,4180.0,2306.0,182.0,360.0,1.0,1,6486.0,0.028060437866173297,0.5055555555555555,0,6486.0,False,True,False,True,False,False,False
LP002807,1,1,0,0,3675.0,242.0,108.0,360.0,1.0,1,3917.0,0.027572121521572634,0.3,2,1305.6666666666667,False,True,False,False,False,True,False
LP002813,0,1,1,1,10223.5,0.0,262.5,360.0,1.0,1,10223.5,0.025676138308798356,0.7291666666666666,1,5111.75,False,True,False,False,True,False,False
LP002820,1,1,1,0,5923.0,2054.0,211.0,360.0,1.0,1,7977.0,0.02645104675943337,0.5861111111111111,0,7977.0,True,False,False,True,False,False,False
LP002821,1,0,0,1,5800.0,0.0,132.0,360.0,1.0,1,5800.0,0.022758620689655173,0.36666666666666664,0,5800.0,False,True,False,True,False,False,False
LP002832,1,1,1,0,8799.0,0.0,258.0,360.0,0.0,0,8799.0,0.029321513808387316,0.7166666666666667,2,2933.0,False,False,True,False,False,True,False
LP002833,1,1,0,0,4467.0,0.0,120.0,360.0,1.0,1,4467.0,0.026863666890530557,0.3333333333333333,0,4467.0,True,False,False,True,False,False,False
LP002836,1,0,1,0,3333.0,0.0,70.0,360.0,1.0,1,3333.0,0.021002100210021003,0.19444444444444445,0,3333.0,False,False,True,True,False,False,False
LP002837,1,1,1,0,3400.0,2500.0,123.0,360.0,0.0,0,5900.0,0.020847457627118645,0.3416666666666667,3,1475.0,True,False,False,False,False,False,True
LP002840,0,0,1,0,2378.0,0.0,9.0,360.0,1.0,0,2378.0,0.0037846930193439865,0.025,0,2378.0,False,False,True,True,False,False,False
LP002841,1,1,1,0,3166.0,2064.0,104.0,360.0,0.0,0,5230.0,0.01988527724665392,0.28888888888888886,0,5230.0,False,False,True,True,False,False,False
LP002842,1,1,1,0,3417.0,1750.0,186.0,360.0,1.0,1,5167.0,0.035997677569189084,0.5166666666666667,1,2583.5,False,False,True,False,True,False,False
LP002855,1,1,1,0,10223.5,0.0,262.5,360.0,1.0,1,10223.5,0.025676138308798356,0.7291666666666666,2,3407.8333333333335,False,False,True,False,False,True,False
LP002862,1,1,0,0,6125.0,1625.0,187.0,480.0,1.0,0,7750.0,0.024129032258064516,0.38958333333333334,2,2583.3333333333335,False,True,False,False,False,True,False
LP002863,1,1,1,0,6406.0,0.0,150.0,360.0,1.0,0,6406.0,0.023415547923821417,0.4166666666666667,3,1601.5,False,True,False,False,False,False,True
LP002868,1,1,1,0,3159.0,461.0,108.0,84.0,1.0,1,3620.0,0.02983425414364641,1.2857142857142858,2,1206.6666666666667,False,False,True,False,False,True,False
LP002874,1,0,1,0,3229.0,2739.0,110.0,360.0,1.0,1,5968.0,0.018431635388739945,0.3055555555555556,0,5968.0,False,False,True,True,False,False,False
LP002877,1,1,1,0,1782.0,2232.0,107.0,360.0,1.0,1,4014.0,0.02665670154459392,0.2972222222222222,1,2007.0,True,False,False,False,True,False,False
LP002888,1,0,1,0,3182.0,2917.0,161.0,360.0,1.0,1,6099.0,0.026397770126250206,0.44722222222222224,0,6099.0,False,False,True,True,False,False,False
LP002892,1,1,1,0,6540.0,0.0,205.0,360.0,1.0,1,6540.0,0.03134556574923547,0.5694444444444444,2,2180.0,False,True,False,False,False,True,False
LP002893,1,0,1,0,1836.0,5755.0,90.0,360.0,1.0,0,7591.0,0.011856145435384007,0.25,0,7591.0,False,False,True,True,False,False,False
LP002894,0,1,1,0,3166.0,0.0,36.0,360.0,1.0,1,3166.0,0.011370814908401769,0.1,0,3166.0,False,True,False,True,False,False,False
LP002898,1,1,1,0,1880.0,0.0,61.0,360.0,1.0,0,1880.0,0.032446808510638296,0.16944444444444445,1,940.0,True,False,False,False,True,False,False
LP002911,1,1,1,0,2787.0,1917.0,146.0,360.0,0.0,0,4704.0,0.031037414965986394,0.40555555555555556,1,2352.0,True,False,False,False,True,False,False
LP002912,1,1,1,0,4283.0,3000.0,172.0,84.0,1.0,0,7283.0,0.02361664149388988,2.0476190476190474,1,3641.5,True,False,False,False,True,False,False
LP002916,1,1,1,0,2297.0,1522.0,104.0,360.0,1.0,1,3819.0,0.027232259753862266,0.28888888888888886,0,3819.0,False,False,True,True,False,False,False
LP002917,0,0,0,0,2165.0,0.0,70.0,360.0,1.0,1,2165.0,0.03233256351039261,0.19444444444444445,0,2165.0,False,True,False,True,False,False,False
LP002926,1,1,1,1,2726.0,0.0,106.0,360.0,0.0,0,2726.0,0.03888481291269259,0.29444444444444445,2,908.6666666666666,False,True,False,False,False,True,False
LP002928,1,1,1,0,3000.0,3416.0,56.0,180.0,1.0,1,6416.0,0.008728179551122194,0.3111111111111111,0,6416.0,False,True,False,True,False,False,False
LP002931,1,1,1,1,6000.0,0.0,205.0,240.0,1.0,0,6000.0,0.034166666666666665,0.8541666666666666,2,2000.0,False,True,False,False,False,True,False
LP002936,1,1,1,0,3859.0,3300.0,142.0,180.0,1.0,1,7159.0,0.019835172510127112,0.7888888888888889,0,7159.0,True,False,False,True,False,False,False
LP002938,1,1,1,1,10223.5,0.0,260.0,360.0,1.0,1,10223.5,0.025431603658238374,0.7222222222222222,0,10223.5,False,False,True,True,False,False,False
LP002940,1,0,0,0,3833.0,0.0,110.0,360.0,1.0,1,3833.0,0.02869814766501435,0.3055555555555556,0,3833.0,True,False,False,True,False,False,False
LP002941,1,1,0,1,6383.0,1000.0,187.0,360.0,1.0,0,7383.0,0.025328457266693756,0.5194444444444445,2,2461.0,True,False,False,False,False,True,False
LP002945,1,1,1,1,9963.0,0.0,180.0,360.0,1.0,1,9963.0,0.018066847335140017,0.5,0,9963.0,True,False,False,True,False,False,False
LP002948,1,1,1,0,5780.0,0.0,192.0,360.0,1.0,1,5780.0,0.03321799307958478,0.5333333333333333,2,1926.6666666666667,False,False,True,False,False,True,False
LP002949,0,0,1,0,416.0,5755.0,262.5,180.0,1.0,0,6171.0,0.0425376762275158,1.4583333333333333,3,1542.75,False,False,True,False,False,False,True
LP002950,1,1,0,0,2894.0,2792.0,155.0,360.0,1.0,1,5686.0,0.027259936686598662,0.4305555555555556,0,5686.0,True,False,False,True,False,False,False
LP002953,1,1,1,0,5703.0,0.0,128.0,360.0,1.0,1,5703.0,0.02244432754690514,0.35555555555555557,3,1425.75,False,False,True,False,False,False,True
LP002958,1,0,1,0,3676.0,4301.0,172.0,360.0,1.0,1,7977.0,0.021561990723329573,0.4777777777777778,0,7977.0,True,False,False,True,False,False,False
LP002959,0,1,1,0,10223.5,0.0,262.5,360.0,1.0,1,10223.5,0.025676138308798356,0.7291666666666666,1,5111.75,False,True,False,False,True,False,False
LP002960,1,1,0,0,2400.0,3800.0,128.0,180.0,1.0,0,6200.0,0.02064516129032258,0.7111111111111111,0,6200.0,False,False,True,True,False,False,False
LP002961,1,1,1,0,3400.0,2500.0,173.0,360.0,1.0,1,5900.0,0.029322033898305084,0.48055555555555557,1,2950.0,False,True,False,False,True,False,False
LP002964,1,1,0,0,3987.0,1411.0,157.0,360.0,1.0,1,5398.0,0.029084846239347907,0.4361111111111111,2,1799.3333333333333,True,False,False,False,False,True,False
LP002974,1,1,1,0,3232.0,1950.0,108.0,360.0,1.0,1,5182.0,0.020841373986877652,0.3,0,5182.0,True,False,False,True,False,False,False
LP002978,0,0,1,0,2900.0,0.0,71.0,360.0,1.0,1,2900.0,0.024482758620689656,0.19722222222222222,0,2900.0,True,False,False,True,False,False,False
LP002979,1,1,1,0,4106.0,0.0,40.0,180.0,1.0,1,4106.0,0.00974184120798831,0.2222222222222222,3,1026.5,True,False,False,False,False,False,True
LP002983,1,1,1,0,8072.0,240.0,253.0,360.0,1.0,1,8312.0,0.030437921077959576,0.7027777777777777,1,4156.0,False,False,True,False,True,False,False
LP002984,1,1,1,0,7583.0,0.0,187.0,360.0,1.0,1,7583.0,0.024660424634049848,0.5194444444444445,2,2527.6666666666665,False,False,True,False,False,True,False
LP002990,0,0,1,1,4583.0,0.0,133.0,360.0,0.0,0,4583.0,0.02902029238490072,0.36944444444444446,0,4583.0,False,True,False,True,False,False,False
